"V1","V1","V2","V3","V4","V5","V6","V7","V8","V9","V10","V11","V12","V13","V14","V15"
"10d-10c-no0.dat",3.436,1,272.9,6492.1165,7.3257,4.8973,0.0138,303.2222,0.9,0.2628,0.1511,0.1493,60.5773,0.1891,0.6078
"10d-10c-no1.dat",3.4852,1,305.6,7393.1055,3.3391,5.108,0.013,339.5556,0.9,0.2532,0.1508,0.1507,54.6688,0.1907,0.5842
"10d-10c-no2.dat",3.5585,1,361.8,9722.6719,19.5948,5.7179,0.0112,402,0.9,0.2389,0.1523,0.1504,69.8033,0.1922,0.5851
"10d-10c-no3.dat",3.414,1,259.4,7006.5874,11.9059,4.9266,0.0123,288.2222,0.9,0.2544,0.1507,0.1507,71.6558,0.1897,0.6066
"10d-10c-no4.dat",3.482,1,303.4,6347.4094,2.0208,4.2606,0.0109,337.1111,0.9,0.2379,0.1531,0.153,62.3683,0.1922,0.5629
"10d-10c-no5.dat",3.5784,1,378.8,7488.1798,-1.9062,4.2998,0.0158,420.8889,0.9,0.257,0.1474,0.1484,63.5855,0.1903,0.5347
"10d-10c-no6.dat",3.3347,1,216.1,5741.8109,8.0494,4.3914,0.0141,240.1111,0.9,0.2625,0.1547,0.1471,60.2037,0.1875,0.6158
"10d-10c-no7.dat",3.5081,1,322.2,7856.3698,2.5622,5.1441,0.0181,358,0.9,0.2365,0.1485,0.1472,58.5849,0.1893,0.5648
"10d-10c-no8.dat",3.4259,1,266.6,6558.8882,7.6811,4.4463,0.01,296.2222,0.9,0.2632,0.1537,0.152,56.6734,0.1908,0.5847
"10d-10c-no9.dat",3.4299,1,269.1,7008.6531,11.3742,4.9814,0.0109,299,0.9,0.2709,0.1523,0.1507,59.7263,0.1887,0.6067
"10d-20c-no0.dat",3.0056,1,101.3,5844.8966,-5.8814,8.6025,0.0558,112.5556,0.9,0.2611,0.1252,0.1324,38.8156,0.1851,0.5907
"10d-20c-no1.dat",2.9562,1,90.4,5518.936,-2.1867,8.0917,0.0548,100.4444,0.9,0.2956,0.1316,0.1278,48.2872,0.187,0.614
"10d-20c-no2.dat",3.066,1,116.4,5824.5831,-4.0917,8.0567,0.0526,145.5,0.8,0.2725,0.1321,0.1336,40.066,0.1901,0.6007
"10d-20c-no3.dat",3.0795,1,120.1,6332.8429,-7.3805,8.1115,0.05,133.4444,0.9,0.2333,0.129,0.1338,37.2893,0.1915,0.5701
"10d-20c-no4.dat",3.0892,1,122.8,5866.0794,-8.2368,7.8484,0.0439,153.5,0.8,0.2501,0.1345,0.1376,35.2856,0.1935,0.5636
"10d-20c-no5.dat",3.0962,1,124.8,6193.9971,-10.4747,8.8606,0.053,138.6667,0.9,0.2481,0.1297,0.1337,44.0033,0.1888,0.566
"10d-20c-no6.dat",3.1069,1,127.9,6311.3588,-6.7895,7.3151,0.0453,142.1111,0.9,0.2726,0.1337,0.1451,34.5236,0.189,0.5968
"10d-20c-no7.dat",3.0342,1,108.2,5425.7951,-6.6442,8.1501,0.0591,120.2222,0.9,0.2436,0.117,0.1316,43.7554,0.1917,0.5487
"10d-20c-no8.dat",3.1086,1,128.4,6116.6606,-4.6351,7.6597,0.0441,142.6667,0.9,0.2591,0.1298,0.1385,35.1471,0.1897,0.5763
"10d-20c-no9.dat",3.1193,1,131.6,7367.3587,-5.3718,8.7943,0.0489,146.2222,0.9,0.2817,0.1276,0.1393,39.1585,0.1901,0.5813
"10d-40c-no0.dat",3.2871,1,193.7,6642.3071,-11.9759,10.892,0.0348,215.2222,0.9,0.2136,0.1322,0.1387,42.3403,0.1904,0.5056
"10d-40c-no1.dat",3.3596,1,228.9,6533.8931,-13.4998,10.237,0.0303,254.3333,0.9,0.2137,0.1373,0.1438,36.9333,0.1923,0.5121
"10d-40c-no2.dat",3.3983,1,250.2,8020.0413,-15.8417,11.2487,0.0289,278,0.9,0.1958,0.1381,0.1461,38.6647,0.1901,0.4951
"10d-40c-no3.dat",3.3556,1,226.8,7388.2075,-6.4804,8.811,0.0278,252,0.9,0.2096,0.1391,0.1477,35.5176,0.1968,0.5073
"10d-40c-no4.dat",3.4325,1,270.7,7344.97,-12.3751,10.4822,0.0266,300.7778,0.9,0.2071,0.1366,0.1508,33.5324,0.1984,0.4913
"10d-40c-no5.dat",3.372,1,235.5,6340.6168,-16.4108,10.7515,0.0314,261.6667,0.9,0.2218,0.1303,0.1442,37.9475,0.1867,0.4993
"10d-40c-no6.dat",3.4252,1,266.2,7770.5959,-14.9562,10.1519,0.0303,295.7778,0.9,0.2312,0.1317,0.1488,36.2032,0.1931,0.5136
"10d-40c-no7.dat",3.3345,1,216,6844.0351,-9.8086,9.4583,0.0306,240,0.9,0.2218,0.1399,0.1422,38.975,0.1944,0.5
"10d-40c-no8.dat",3.3629,1,230.6,7541.7192,-12.4936,9.7516,0.0307,256.2222,0.9,0.218,0.134,0.1462,41.2542,0.1909,0.4922
"10d-40c-no9.dat",3.3746,1,236.9,9027.4626,-5.536,11.1177,0.0264,263.2222,0.9,0.2064,0.1417,0.1485,35.6771,0.1958,0.5208
"10d-4c-no0.dat",3.1103,1,128.9,3214.0548,13.1771,2.87,7e-04,143.2222,0.9,0.3575,0.1945,0.1609,59.2565,0.194,0.6138
"10d-4c-no1.dat",2.9814,1,95.8,2857.622,20.594,2.4775,3e-04,106.4444,0.9,0.3191,0.1945,0.158,63.8976,0.1926,0.6481
"10d-4c-no2.dat",2.9232,1,83.8,1764.9502,7.4217,1.8917,0.0039,93.1111,0.9,0.3284,0.1728,0.1541,64.5825,0.1937,0.6145
"10d-4c-no3.dat",3.1199,1,131.8,3276.7065,8.137,2.5419,0.0021,146.4444,0.9,0.2819,0.1736,0.1576,51.3623,0.1935,0.6089
"10d-4c-no4.dat",2.9699,1,93.3,2633.1001,12.5331,1.8609,5e-04,103.6667,0.9,0.3573,0.1938,0.1553,54.0985,0.195,0.6071
"10d-4c-no5.dat",3.0565,1,113.9,3053.6656,13.5836,2.9191,3e-04,126.5556,0.9,0.3235,0.1943,0.1653,64.4846,0.1995,0.5976
"10d-4c-no6.dat",2.9899,1,97.7,2491.8974,8.22,2.4318,0.002,108.5556,0.9,0.3068,0.184,0.1537,57.9823,0.196,0.5923
"10d-4c-no7.dat",3.1708,1,148.2,3414.777,3.7434,2.4336,0.0016,185.25,0.8,0.3563,0.191,0.1472,47.8328,0.1861,0.6799
"10d-4c-no8.dat",2.985,1,96.6,2223.3143,5.702,2.2637,0.0015,107.3333,0.9,0.273,0.1824,0.1534,58.861,0.1934,0.6019
"10d-4c-no9.dat",3.073,1,118.3,2092.9939,1.9234,1.8208,0.0015,131.4444,0.9,0.3066,0.1774,0.1575,61.7954,0.1906,0.6684
"2d-10c-no0.dat",3.473,0.301,1486,27.1526,-15.7733,94.7976,0.001,1486,1,0.5675,0.1526,0.1801,5.7629,0.1777,0.8034
"2d-10c-no1.dat",3.4023,0.301,1262.5,193.6764,-9.0339,112.4903,0.0042,1262.5,1,0.5672,0.184,0.1603,8.4666,0.1796,0.7962
"2d-10c-no2.dat",3.4876,0.301,1536.5,423.0761,-15.4285,151.3574,0,1536.5,1,0.6577,0.1754,0.2017,6.8471,0.1829,0.8262
"2d-10c-no3.dat",3.5262,0.301,1679.5,496.8316,-20.3172,236.1748,0,1679.5,1,0.531,0.2122,0.1725,6.3137,0.1872,0.7987
"2d-10c-no4.dat",3.5173,0.301,1645.5,183.3464,-12.6752,124.8025,0.0033,1645.5,1,0.698,0.1596,0.1665,7.019,0.1803,0.8097
"2d-10c-no5.dat",3.5599,0.301,1815,48.297,-12.2661,167.2791,2e-04,1815,1,0.7335,0.1856,0.1826,14.4266,0.177,0.8827
"2d-10c-no6.dat",3.5325,0.301,1704,66.577,-8.7781,96.1482,0.0026,1704,1,0.5758,0.1698,0.1694,9.1731,0.176,0.8092
"2d-10c-no7.dat",3.4038,0.301,1267,433.0298,-9.769,110.5555,0.0012,1267,1,0.6213,0.1871,0.1783,9.4512,0.176,0.8122
"2d-10c-no8.dat",3.4518,0.301,1415,283.1979,-12.5077,203.2103,0,1415,1,0.7287,0.1897,0.1981,7.9666,0.1796,0.8237
"2d-10c-no9.dat",3.5539,0.301,1790,92.7729,-18.4397,207.7096,0,1790,1,0.5454,0.1837,0.181,5.9482,0.1778,0.8237
"2d-20c-no0.dat",3.181,0.301,758.5,109.2867,-12.186,48.3451,0,758.5,1,0.6076,0.1919,0.1843,5.407,0.1696,0.7953
"2d-20c-no1.dat",3.0903,0.301,615.5,16.9623,-9.0687,34.3269,5e-04,615.5,1,0.5393,0.1772,0.1685,7.9653,0.1718,0.8335
"2d-20c-no2.dat",3.035,0.301,542,12.7314,-7.8486,30.502,0.0076,542,1,0.6636,0.16,0.1603,6.666,0.1698,0.8196
"2d-20c-no3.dat",3.0527,0.301,564.5,28.3108,-11.976,41.529,2e-04,564.5,1,0.594,0.1852,0.1688,5.8292,0.1774,0.8023
"2d-20c-no4.dat",3.1602,0.301,723,73.2844,-12.0276,43.5315,0,723,1,0.5306,0.176,0.1924,5.3679,0.1665,0.8087
"2d-20c-no5.dat",3.0711,0.301,589,22.563,-8.075,36.9157,2e-04,589,1,0.6178,0.1613,0.1585,6.0383,0.1693,0.7961
"2d-20c-no6.dat",3.0708,0.301,588.5,35.0776,-12.4197,42.0465,0,588.5,1,0.5477,0.1794,0.1856,4.8452,0.1689,0.8264
"2d-20c-no7.dat",3.0924,0.301,618.5,8.3438,-10.8784,29.7017,3e-04,618.5,1,0.531,0.1728,0.1841,5.8052,0.1684,0.8024
"2d-20c-no8.dat",3.0615,0.301,576,66.1007,-7.5763,31.0349,1e-04,576,1,0.5888,0.1674,0.1856,5.4978,0.1656,0.808
"2d-20c-no9.dat",3.0813,0.301,603,9.4145,-12.4276,34.5385,0,603,1,0.5284,0.1685,0.1877,5.9775,0.1823,0.8039
"2d-40c-no0.dat",3.4087,0.301,1281.5,87.4862,-13.5012,57.0217,0,1281.5,1,0.5829,0.19,0.1779,4.5356,0.1653,0.7953
"2d-40c-no1.dat",3.3454,0.301,1107.5,10.2397,-15.1358,51.3575,0,1107.5,1,0.5352,0.1831,0.1762,3.9068,0.1649,0.8076
"2d-40c-no2.dat",3.3316,0.301,1073,67.4691,-13.3311,55.1385,0,1073,1,0.6202,0.1842,0.1782,3.7844,0.1703,0.8
"2d-40c-no3.dat",3.3591,0.301,1143,47.9331,-14.9796,44.9449,0,1143,1,0.5157,0.1808,0.177,4.2134,0.1674,0.8099
"2d-40c-no4.dat",3.3533,0.301,1128,29.1979,-15.5003,48.7243,0,1128,1,0.6057,0.1832,0.1823,4.195,0.1713,0.7997
"2d-40c-no5.dat",3.3375,0.301,1087.5,11.1825,-14.4989,40.7557,1e-04,1087.5,1,0.5517,0.1839,0.1826,3.6578,0.1641,0.7949
"2d-40c-no6.dat",3.372,0.301,1177.5,19.842,-14.4351,43.2789,1e-04,1177.5,1,0.5233,0.181,0.1801,3.797,0.1721,0.7963
"2d-40c-no7.dat",3.3465,0.301,1110.5,55.2818,-14.7764,45.6758,3e-04,1110.5,1,0.6357,0.1836,0.1793,3.8679,0.166,0.8125
"2d-40c-no8.dat",3.3206,0.301,1046,35.135,-14.9863,47.979,0,1046,1,0.5161,0.184,0.1774,3.6129,0.1705,0.7945
"2d-40c-no9.dat",3.3751,0.301,1186,89.0426,-11.8969,32.2708,7e-04,1186,1,0.5491,0.1777,0.1776,3.296,0.1681,0.801
"2d-4c-no0.dat",3.1965,0.301,786,166.517,-15.3693,120.6444,0,786,1,0.6883,0.2158,0.1978,7.5639,0.1814,0.8117
"2d-4c-no1.dat",3.2103,0.301,811.5,579.1019,-11.4369,133.028,0,811.5,1,0.5431,0.2338,0.1731,5.7726,0.178,0.8105
"2d-4c-no2.dat",3.0269,0.301,532,121.4929,-5.4595,63.0726,9e-04,532,1,0.7199,0.1894,0.1633,9.2076,0.1796,0.7884
"2d-4c-no3.dat",3.0504,0.301,561.5,272.548,-9.331,159.3825,0,561.5,1,0.699,0.2532,0.1569,9.3209,0.176,0.8158
"2d-4c-no4.dat",2.936,0.301,431.5,575.7034,16.5683,55.6267,0.0395,431.5,1,0.5055,0.1813,0.1515,8.4534,0.1863,0.8016
"2d-4c-no5.dat",3.2143,0.301,819,186.4266,-11.2811,84.085,9e-04,819,1,0.8578,0.1876,0.1894,8.0252,0.176,0.7975
"2d-4c-no6.dat",3.2227,0.301,835,340.0246,-7.4193,133.3337,1e-04,835,1,0.6017,0.2149,0.1563,13.5459,0.1789,0.8212
"2d-4c-no7.dat",3.012,0.301,514,695.1498,6.9193,131.4935,0,514,1,0.8317,0.2586,0.1755,12.715,0.1768,0.8352
"2d-4c-no8.dat",3.0326,0.301,539,98.7494,-10.3601,118.4768,0,539,1,0.7894,0.247,0.1888,11.0877,0.1779,0.8077
"2d-4c-no9.dat",2.9425,0.301,438,129.873,-8.3334,49.987,0,438,1,0.7342,0.2162,0.2144,7.1465,0.1692,0.7969
"ellipsoid.100d10c.1.dat",3.4612,2,28.92,1755592.3034,2666.7079,3.3043,0.0029,262.9091,0.11,0.307,0.1641,0.1788,2.1914,0.2051,0.6237
"ellipsoid.100d10c.10.dat",3.4065,2,25.5,939519.7835,1555.2498,2.6894,4e-04,196.1538,0.13,0.2975,0.1798,0.172,3.0848,0.2096,0.6139
"ellipsoid.100d10c.2.dat",3.4751,2,29.86,1592391.5208,2581.7114,3.7993,0.0051,248.8333,0.12,0.289,0.1649,0.1578,2.7055,0.2162,0.5557
"ellipsoid.100d10c.3.dat",3.4914,2,31,1475992.4743,2507.8604,4.9271,7e-04,221.4286,0.14,0.3068,0.1768,0.1784,3.5285,0.2158,0.5657
"ellipsoid.100d10c.4.dat",3.3892,2,24.5,1192990.6552,1876.7223,2.6079,5e-04,245,0.1,0.2796,0.1824,0.1696,2.5438,0.2103,0.6067
"ellipsoid.100d10c.5.dat",3.4752,2,29.87,1601457.1194,2439.7519,3.3878,0.0036,248.9167,0.12,0.2999,0.1674,0.1724,2.6815,0.2115,0.5793
"ellipsoid.100d10c.6.dat",3.4476,2,28.03,1690758.8048,2569.0474,3.6926,0.0052,233.5833,0.12,0.2921,0.1581,0.1634,2.3508,0.2173,0.5472
"ellipsoid.100d10c.7.dat",3.4986,2,31.52,1134469.4832,2019.0706,2.9962,2e-04,315.2,0.1,0.2984,0.1838,0.1766,2.9567,0.2153,0.5667
"ellipsoid.100d10c.8.dat",3.4339,2,27.16,1437433.5897,2288.1846,3.773,0.0013,208.9231,0.13,0.2957,0.1734,0.1758,3.4755,0.2097,0.5883
"ellipsoid.100d10c.9.dat",3.3228,2,21.03,1288077.6605,1913.6921,3.2934,9e-04,161.7692,0.13,0.3143,0.1797,0.1774,3.816,0.2134,0.5753
"ellipsoid.100d20c.1.dat",3.1265,2,13.38,1060937.6088,1057.7104,1.5306,0.0109,66.9,0.2,0.2274,0.1492,0.1677,2.6015,0.2439,0.4684
"ellipsoid.100d20c.10.dat",3.0864,2,12.2,790630.0143,793.8525,1.2782,6e-04,64.2105,0.19,0.21,0.1712,0.1799,2.9727,0.2442,0.4576
"ellipsoid.100d20c.2.dat",3.003,2,10.07,770464.6991,735.8581,1.2519,1e-04,55.9444,0.18,0.2322,0.1772,0.1842,2.9262,0.24,0.4811
"ellipsoid.100d20c.3.dat",3.033,2,10.79,808042.7884,776.5889,1.3911,4e-04,59.9444,0.18,0.2113,0.1772,0.1709,2.3775,0.2417,0.4591
"ellipsoid.100d20c.4.dat",3.0611,2,11.51,832955.2431,839.79,1.4905,7e-04,57.55,0.2,0.213,0.1719,0.1834,2.7509,0.2439,0.4651
"ellipsoid.100d20c.5.dat",3.0558,2,11.37,865803.6192,842.4632,1.4154,0.0036,63.1667,0.18,0.2099,0.1628,0.1689,2.8477,0.2414,0.4713
"ellipsoid.100d20c.6.dat",3.0508,2,11.24,961764.8584,959.5305,1.6095,0.0015,59.1579,0.19,0.2216,0.1682,0.1791,3.3372,0.2424,0.4662
"ellipsoid.100d20c.7.dat",3.0124,2,10.29,847404.3926,775.7899,1.2343,0.0015,57.1667,0.18,0.2178,0.1747,0.1682,3.0028,0.2403,0.4728
"ellipsoid.100d20c.8.dat",3.0056,2,10.13,855199.5914,798.8718,1.3536,0.0056,50.65,0.2,0.2177,0.1521,0.1738,3.3399,0.239,0.4712
"ellipsoid.100d20c.9.dat",3.0611,2,11.51,791062.3178,764.1268,1.3338,0.0041,60.5789,0.19,0.2094,0.1637,0.1654,3.1172,0.2421,0.4597
"ellipsoid.100d40c.1.dat",3.3446,2,22.11,1566800.5039,852.954,1.4313,0.0021,67,0.33,0.1555,0.1691,0.1717,2.3748,0.259,0.439
"ellipsoid.100d40c.10.dat",3.2936,2,19.66,1528353.4372,1041.2649,1.5642,0.0045,56.1714,0.35,0.1602,0.1614,0.1731,2.8868,0.2588,0.4406
"ellipsoid.100d40c.2.dat",3.2767,2,18.91,1466426.3414,919.2368,1.56,0.0024,54.0286,0.35,0.148,0.1698,0.1707,2.806,0.2592,0.4329
"ellipsoid.100d40c.3.dat",3.2931,2,19.64,1464508.0093,823.8236,1.3244,0.0051,57.7647,0.34,0.1589,0.1619,0.172,2.8574,0.258,0.4371
"ellipsoid.100d40c.4.dat",3.3844,2,24.23,1636180.6872,942.9059,1.5701,0.0049,71.2647,0.34,0.1478,0.1635,0.1682,3.2628,0.2599,0.4368
"ellipsoid.100d40c.5.dat",3.3436,2,22.06,1683029.1808,1055.9174,1.5251,0.0036,64.8824,0.34,0.1612,0.1655,0.1772,2.9429,0.2589,0.4382
"ellipsoid.100d40c.6.dat",3.3589,2,22.85,1642103.8093,1034.4609,1.6267,0.0022,67.2059,0.34,0.1471,0.1722,0.1703,2.8916,0.2596,0.4324
"ellipsoid.100d40c.7.dat",3.2622,2,18.29,1538422.7596,912.9014,1.4028,0.0053,53.7941,0.34,0.1523,0.1654,0.1611,2.9259,0.2569,0.4396
"ellipsoid.100d40c.8.dat",3.3222,2,21,1473328.1435,793.6681,1.3439,0.0021,60,0.35,0.1492,0.1725,0.1728,3.0081,0.2591,0.4363
"ellipsoid.100d40c.9.dat",3.3398,2,21.87,1496369.5567,809.5381,1.439,0.0032,66.2727,0.33,0.1656,0.1652,0.1734,2.344,0.2596,0.4393
"ellipsoid.100d4c.1.dat",3.1092,2,12.86,1478646.6942,1839.4491,3.781,0.0037,49.4615,0.26,0.4681,0.157,0.1777,2.7458,0.176,0.7725
"ellipsoid.100d4c.10.dat",2.9854,2,9.67,1264310.7082,1440.8791,3.7255,0,69.0714,0.14,0.518,0.1656,0.1829,1.7737,0.1835,0.7423
"ellipsoid.100d4c.2.dat",3.0056,2,10.13,1036546.9212,1266.1416,3.313,8e-04,67.5333,0.15,0.4822,0.1792,0.1729,2.1063,0.1781,0.7673
"ellipsoid.100d4c.3.dat",3.1242,2,13.31,1570631.3965,2084.3061,9.5452,2e-04,66.55,0.2,0.4854,0.178,0.1857,2.5332,0.1861,0.754
"ellipsoid.100d4c.4.dat",3.1778,2,15.06,1360547.0181,1928.3262,7.4697,0,125.5,0.12,0.4747,0.1944,0.1852,2.695,0.1831,0.756
"ellipsoid.100d4c.5.dat",3.0481,2,11.17,1184694.1917,1434.0287,3.3082,0,159.5714,0.07,0.4418,0.1897,0.1802,1.6211,0.1748,0.7718
"ellipsoid.100d4c.6.dat",2.9289,2,8.49,894471.7733,1054.5442,3.0374,0,49.9412,0.17,0.4564,0.1939,0.1962,2.4178,0.1824,0.7583
"ellipsoid.100d4c.7.dat",3.1176,2,13.11,1296461.1164,1742.1366,5.1657,0,109.25,0.12,0.455,0.1947,0.1858,2.5975,0.1806,0.7704
"ellipsoid.100d4c.8.dat",3.0667,2,11.66,917438.7206,1245.0483,3.5946,0,58.3,0.2,0.4727,0.1942,0.1898,2.9698,0.1745,0.776
"ellipsoid.100d4c.9.dat",2.7987,2,6.29,1106914.9976,1090.9796,3.3199,0,62.9,0.1,0.4181,0.1992,0.198,1.591,0.1875,0.7406
"ellipsoid.50d10c.1.dat",3.431,1.699,53.96,208356.246,752.7196,5.0161,9e-04,269.8,0.2,0.3201,0.1781,0.1788,3.0644,0.2099,0.6089
"ellipsoid.50d10c.10.dat",3.5176,1.699,65.86,255007.7495,913.3625,5.7463,0.0017,299.3636,0.22,0.2764,0.1798,0.1745,2.5509,0.2178,0.5669
"ellipsoid.50d10c.2.dat",3.5077,1.699,64.38,252260.9758,891.607,7.5403,0.0031,292.6364,0.22,0.3046,0.1695,0.1672,2.1275,0.2161,0.5799
"ellipsoid.50d10c.3.dat",3.4652,1.699,58.38,280729.8245,1072.362,6.0468,0.0023,243.25,0.24,0.2998,0.1628,0.1857,2.6745,0.2142,0.5659
"ellipsoid.50d10c.4.dat",3.4334,1.699,54.26,215541.0205,698.6035,4.9307,0.0024,246.6364,0.22,0.3198,0.1746,0.1776,2.3373,0.2081,0.6303
"ellipsoid.50d10c.5.dat",3.3913,1.699,49.24,401597.399,1427.4526,9.5032,0.0074,246.2,0.2,0.3403,0.1617,0.1663,2.5047,0.2032,0.6577
"ellipsoid.50d10c.6.dat",3.4698,1.699,59,221801.5074,789.809,5.8228,4e-04,268.1818,0.22,0.2958,0.1749,0.1774,2.1843,0.2116,0.5863
"ellipsoid.50d10c.7.dat",3.367,1.699,46.56,356601.7232,1297.9753,6.4027,0.0031,211.6364,0.22,0.3717,0.1634,0.1753,2.6191,0.2083,0.6072
"ellipsoid.50d10c.8.dat",3.4969,1.699,62.8,272309.7334,946.2585,7.0857,0.0046,285.4545,0.22,0.3273,0.1644,0.1703,2.2679,0.2136,0.5807
"ellipsoid.50d10c.9.dat",3.3506,1.699,44.84,239277.6146,798.2246,4.9983,0.0071,203.8182,0.22,0.3071,0.1581,0.1697,2.5279,0.2094,0.5978
"ellipsoid.50d20c.1.dat",3.0983,1.699,25.08,198468.2779,287.5485,2.1791,0.0045,69.6667,0.36,0.2134,0.1678,0.1644,2.1641,0.2443,0.4857
"ellipsoid.50d20c.10.dat",3.0577,1.699,22.84,184693.7737,290.6793,2.2881,0.0017,63.4444,0.36,0.2224,0.1754,0.1691,2.6288,0.2436,0.4844
"ellipsoid.50d20c.2.dat",3.0618,1.699,23.06,237933.5564,414.3982,2.5929,0.0032,64.0556,0.36,0.216,0.1626,0.1845,2.9964,0.2408,0.4871
"ellipsoid.50d20c.3.dat",3.1166,1.699,26.16,208614.843,363.5413,2.6214,8e-04,76.9412,0.34,0.218,0.1835,0.1766,2.9551,0.2449,0.4836
"ellipsoid.50d20c.4.dat",3.0955,1.699,24.92,252535.2575,409.0093,2.4335,0.0016,69.2222,0.36,0.2147,0.1757,0.1778,3.0495,0.2421,0.4821
"ellipsoid.50d20c.5.dat",3.0945,1.699,24.86,204911.2865,360.6216,2.1911,0.0023,69.0556,0.36,0.2172,0.1718,0.1796,2.6172,0.246,0.4799
"ellipsoid.50d20c.6.dat",3.0261,1.699,21.24,170617.5703,245.3843,1.8321,0.0011,62.4706,0.34,0.2153,0.1774,0.1756,2.8547,0.2416,0.4785
"ellipsoid.50d20c.7.dat",3.003,1.699,20.14,168805.5895,253.3063,1.5995,0.0021,59.2353,0.34,0.2221,0.1725,0.1626,2.3843,0.2419,0.4787
"ellipsoid.50d20c.8.dat",3.0722,1.699,23.62,196521.3287,303.9502,1.9034,0.0043,65.6111,0.36,0.2167,0.168,0.1736,2.7141,0.2439,0.4751
"ellipsoid.50d20c.9.dat",3.0473,1.699,22.3,206054.0995,369.1167,2.2917,0.0048,58.6842,0.38,0.2198,0.1553,0.1774,3.0304,0.2418,0.4802
"ellipsoid.50d40c.1.dat",3.3681,1.699,46.68,666580.2599,345.4429,2.8049,0.0049,86.4444,0.54,0.1605,0.1707,0.1618,2.9263,0.2589,0.4536
"ellipsoid.50d40c.10.dat",3.3731,1.699,47.22,774748.4906,450.3665,3.1776,0.0038,84.3214,0.56,0.166,0.1671,0.1709,2.6012,0.2579,0.4554
"ellipsoid.50d40c.2.dat",3.2794,1.699,38.06,602205.1717,384.4421,2.7058,0.0036,70.4815,0.54,0.1639,0.172,0.1654,2.4346,0.2581,0.4582
"ellipsoid.50d40c.3.dat",3.3088,1.699,40.72,661650.6611,415.0844,2.6524,0.0029,72.7143,0.56,0.1669,0.1723,0.1761,2.679,0.2578,0.4563
"ellipsoid.50d40c.4.dat",3.3077,1.699,40.62,638899.1664,385.3433,3.2804,0.0061,72.5357,0.56,0.1741,0.1576,0.1726,3.3585,0.2577,0.455
"ellipsoid.50d40c.5.dat",3.3377,1.699,43.52,629326.8661,421.0121,3.2118,0.0037,80.5926,0.54,0.1741,0.1668,0.1751,3.0333,0.2574,0.4542
"ellipsoid.50d40c.6.dat",3.3363,1.699,43.38,680807.7865,403.8288,3.2296,0.0021,77.4643,0.56,0.168,0.1642,0.1881,3.2995,0.2582,0.4541
"ellipsoid.50d40c.7.dat",3.3446,1.699,44.22,702630.3459,446.1349,2.992,0.0018,81.8889,0.54,0.1638,0.1764,0.1734,2.5814,0.2581,0.4555
"ellipsoid.50d40c.8.dat",3.2973,1.699,39.66,641483.4627,413.9544,2.7998,0.0048,70.8214,0.56,0.1605,0.163,0.1689,2.2923,0.2569,0.4506
"ellipsoid.50d40c.9.dat",3.3789,1.699,47.86,693557.6986,408.384,3.1232,0.0017,88.6296,0.54,0.1616,0.1745,0.1753,2.898,0.2583,0.4549
"ellipsoid.50d4c.1.dat",3.0269,1.699,21.28,221221.2855,948.0735,16.6836,0,81.8462,0.26,0.4686,0.1831,0.1936,2.1246,0.1855,0.7502
"ellipsoid.50d4c.10.dat",3.167,1.699,29.38,204948.1033,909.3873,6.1098,0.0066,163.2222,0.18,0.4571,0.1781,0.1726,2.1992,0.1769,0.7726
"ellipsoid.50d4c.2.dat",2.993,1.699,19.68,212337.4951,825.3253,6.7991,0,82,0.24,0.5016,0.1843,0.1995,2.3217,0.1825,0.7646
"ellipsoid.50d4c.3.dat",3.137,1.699,27.42,414041.2495,1601.8432,18.3348,0,72.1579,0.38,0.4953,0.1456,0.1953,2.6862,0.1818,0.7785
"ellipsoid.50d4c.4.dat",3.0406,1.699,21.96,200446.5375,809.3736,5.005,0,122,0.18,0.4718,0.1902,0.1802,2.278,0.1706,0.7813
"ellipsoid.50d4c.5.dat",2.5453,1.699,7.02,93551.4301,260.4092,1.9873,0.0054,39,0.18,0.4909,0.156,0.1764,1.6151,0.1787,0.7624
"ellipsoid.50d4c.6.dat",3.1242,1.699,26.62,310854.8658,1175.7664,9.3762,0.0262,133.1,0.2,0.4096,0.1622,0.1429,1.4993,0.1837,0.7568
"ellipsoid.50d4c.7.dat",3.0615,1.699,23.04,116346.9017,553.673,5.2724,7e-04,72,0.32,0.4648,0.1906,0.1855,2.5738,0.185,0.7403
"ellipsoid.50d4c.8.dat",2.9773,1.699,18.98,160791.9759,646.5856,6.388,0,59.3125,0.32,0.4362,0.1872,0.1868,1.6678,0.1854,0.7403
"ellipsoid.50d4c.9.dat",2.8344,1.699,13.66,475689.1484,1264.0909,14.7262,0.0018,97.5714,0.14,0.4318,0.1487,0.1863,2.9169,0.1981,0.6999
"a1.csv",3.4771,0.301,1500,135.258,-14.3667,54.1495,4e-04,1500,1,0.6918,0.1712,0.1699,4888.3302,0.1716,0.7992
"dim032.csv",3.0103,1.5051,32,51103.5366,151.7716,5.0638,0.064,85.3333,0.375,0.2558,0.0636,0.0537,1113.7488,0.19,0.6783
"dim064.csv",3.0103,1.8062,16,307893.5489,698.8183,2.3051,0.0694,73.1429,0.2188,0.2223,0.0616,0.0078,1825.1005,0.1925,0.6899
"dim128.csv",3.0103,2.1072,8,2272106.5842,1563.5524,1.5135,0.0616,73.1429,0.1094,0.2123,0.0616,0,3069.7709,0.2004,0.6282
"dim256.csv",3.0103,2.4082,4,8699869.7952,1639.5509,1.0049,0.0616,73.1429,0.0547,0.2115,0.0616,0,3741.0598,0.2079,0.6035
"g2-16-10.csv",3.3113,1.2041,128,787.9436,-1.6102,1.007,0,2048,0.0625,0.9637,0.2494,0.2446,663.8351,0.2039,0.5315
"g2-16-100.csv",3.3113,1.2041,128,886.3784,-2.7311,1.0016,0.0047,136.5333,0.9375,0.253,0.1618,0.1641,2111.9162,0.2045,0.442
"g2-16-20.csv",3.3113,1.2041,128,881.5814,-2.1514,1.0075,0,204.8,0.625,0.8706,0.2382,0.237,633.8718,0.2018,0.526
"g2-16-30.csv",3.3113,1.2041,128,795.2209,-2.2009,1.0073,0,157.5385,0.8125,0.7529,0.2263,0.226,655.7888,0.2025,0.5276
"g2-16-40.csv",3.3113,1.2041,128,822.882,-2.7976,1.0045,0,146.2857,0.875,0.6334,0.2118,0.2145,878.5483,0.2024,0.529
"g2-16-50.csv",3.3113,1.2041,128,757.3433,-1.099,1.0046,0,136.5333,0.9375,0.5358,0.1964,0.2041,1180.2748,0.2024,0.5274
"g2-16-60.csv",3.3113,1.2041,128,765.9528,-0.8371,1.0038,0,136.5333,0.9375,0.453,0.1847,0.1935,1347.7105,0.2035,0.5236
"g2-16-70.csv",3.3113,1.2041,128,826.599,0.1258,1.0029,7e-04,136.5333,0.9375,0.3734,0.173,0.1789,1500.6403,0.2044,0.5073
"g2-16-80.csv",3.3113,1.2041,128,792.0183,-2.0494,1.0015,0.0022,136.5333,0.9375,0.3251,0.1663,0.1727,1743.8362,0.2034,0.4811
"g2-16-90.csv",3.3113,1.2041,128,801.4506,-0.9821,1.002,0.0044,136.5333,0.9375,0.2806,0.1628,0.1656,2062.5971,0.2056,0.4609
"g2-2-10.csv",3.3113,0.301,1024,0.2915,-10.803,127.5301,0,2048,0.5,0.9809,0.2478,0.2309,148.1574,0.1638,0.7027
"g2-2-100.csv",3.3113,0.301,1024,2.4704,-2.101,0.7689,0.0098,1024,1,0.6032,0.1644,0.1624,235.6563,0.1668,0.7641
"g2-2-20.csv",3.3113,0.301,1024,1.3989,-9.5401,74.341,0,1024,1,0.9318,0.2202,0.2155,48.4411,0.168,0.7441
"g2-2-30.csv",3.3113,0.301,1024,3.7382,-8.1746,37.2181,1e-04,1024,1,0.8691,0.1921,0.1938,79.3632,0.1663,0.7437
"g2-2-40.csv",3.3113,0.301,1024,6.966,-7.3493,17.2641,0.0017,1024,1,0.8,0.1769,0.1802,75.3528,0.1625,0.7528
"g2-2-50.csv",3.3113,0.301,1024,2.3579,-4.2522,8.8834,0.0053,1024,1,0.7521,0.17,0.1707,160.4207,0.1629,0.7545
"g2-2-60.csv",3.3113,0.301,1024,0.7647,-4.5828,3.8709,0.0078,1024,1,0.7007,0.1673,0.1658,159.0645,0.1641,0.7578
"g2-2-70.csv",3.3113,0.301,1024,3.692,-1.1777,2.5316,0.0096,1024,1,0.6688,0.1642,0.1638,157.5379,0.1649,0.7604
"g2-2-80.csv",3.3113,0.301,1024,5.6627,-0.7432,0.6402,0.0118,1024,1,0.6388,0.1619,0.1608,151.6968,0.1663,0.7619
"g2-2-90.csv",3.3113,0.301,1024,8.9384,-0.3491,1.1015,0.0117,1024,1,0.6282,0.1617,0.1609,192.1781,0.167,0.7634
"g2-32-10.csv",3.3113,1.5051,64,5899.9939,-0.4362,1,0,2048,0.0312,0.9628,0.2507,0.2437,1026.2347,0.205,0.5115
"g2-32-100.csv",3.3113,1.5051,64,5973.4904,-1.1437,1,0.0024,68.2667,0.9375,0.2252,0.1661,0.17,5436.0051,0.206,0.4593
"g2-32-20.csv",3.3113,1.5051,64,5840.9491,-2.249,1,0,107.7895,0.5938,0.8661,0.2422,0.2372,1005.1466,0.2043,0.5089
"g2-32-30.csv",3.3113,1.5051,64,6084.038,-0.0712,1,0,81.92,0.7812,0.7447,0.233,0.2352,1469.7968,0.2049,0.51
"g2-32-40.csv",3.3113,1.5051,64,5951.8557,-1.255,1,0,73.1429,0.875,0.6216,0.2216,0.2239,2178.0586,0.2045,0.5094
"g2-32-50.csv",3.3113,1.5051,64,5999.3586,-1.4619,1,0,70.6207,0.9062,0.5167,0.2112,0.2179,3134.4785,0.2044,0.5094
"g2-32-60.csv",3.3113,1.5051,64,5929.4766,-0.7197,1,0,70.6207,0.9062,0.433,0.199,0.2069,2762.3031,0.2047,0.51
"g2-32-70.csv",3.3113,1.5051,64,5874.8042,-1.9599,1,0,70.6207,0.9062,0.3616,0.1897,0.1937,3850.6381,0.2036,0.5033
"g2-32-80.csv",3.3113,1.5051,64,5887.6217,-1.0951,1,1e-04,68.2667,0.9375,0.3056,0.1802,0.1856,3747.0237,0.2052,0.4998
"g2-32-90.csv",3.3113,1.5051,64,5900.1886,-1.7323,1,0.001,68.2667,0.9375,0.2616,0.1726,0.1756,4372.6749,0.2048,0.4869
"g2-4-10.csv",3.3113,0.6021,512,15.924,-6.8511,16.603,0,2048,0.25,0.9712,0.2473,0.2376,288.4349,0.1951,0.6367
"g2-4-100.csv",3.3113,0.6021,512,15.4146,-1.0357,0.9541,0.0089,512,1,0.4026,0.1607,0.16,494.3347,0.1943,0.5767
"g2-4-20.csv",3.3113,0.6021,512,16.9238,-6.2038,13.1784,0,682.6667,0.75,0.899,0.228,0.2232,183.0975,0.1948,0.6365
"g2-4-30.csv",3.3113,0.6021,512,18.0935,-5.6664,9.3636,0,512,1,0.797,0.2036,0.207,133.5753,0.1943,0.6315
"g2-4-40.csv",3.3113,0.6021,512,14.9595,-4.2911,5.8836,2e-04,512,1,0.7061,0.182,0.1896,214.9955,0.1923,0.6167
"g2-4-50.csv",3.3113,0.6021,512,10.6355,-4.2919,3.8997,0.0024,512,1,0.6308,0.1707,0.1763,215.7448,0.1911,0.6051
"g2-4-60.csv",3.3113,0.6021,512,18.2018,-2.796,2.3456,0.0058,512,1,0.5536,0.1642,0.1674,298.1262,0.1908,0.5936
"g2-4-70.csv",3.3113,0.6021,512,14.7573,-2.7153,1.6763,0.0084,512,1,0.5064,0.1611,0.1623,377.5671,0.1922,0.5866
"g2-4-80.csv",3.3113,0.6021,512,9.4868,-1.9456,1.504,0.0085,512,1,0.4625,0.161,0.1611,468.9919,0.193,0.5822
"g2-4-90.csv",3.3113,0.6021,512,11.47,-3.3987,1.5071,0.0076,512,1,0.4308,0.1623,0.1614,373.0014,0.1928,0.5806
"g2-64-10.csv",3.3113,1.8062,32,45440.7303,-2.9672,1,0,2048,0.0156,0.9624,0.2515,0.2448,1535.394,0.2047,0.4969
"g2-64-100.csv",3.3113,1.8062,32,45998.7787,-0.5948,1,3e-04,34.7119,0.9219,0.2122,0.178,0.1817,9850.8026,0.2066,0.4908
"g2-64-20.csv",3.3113,1.8062,32,45510.2531,-1.8918,1,0,55.3514,0.5781,0.864,0.2444,0.2405,2545.9589,0.2057,0.4985
"g2-64-30.csv",3.3113,1.8062,32,46513.8391,0.7203,1,0,41.7959,0.7656,0.739,0.2385,0.2371,3816.1772,0.2068,0.5018
"g2-64-40.csv",3.3113,1.8062,32,45066.6563,-3.3186,1,0,37.9259,0.8438,0.6164,0.2296,0.2307,5003.9562,0.2039,0.4934
"g2-64-50.csv",3.3113,1.8062,32,46113.5197,-2.054,1,0,36.5714,0.875,0.509,0.2224,0.223,5252.7363,0.2051,0.4943
"g2-64-60.csv",3.3113,1.8062,32,45711.2862,-1.0091,1,0,35.9298,0.8906,0.4232,0.2129,0.2167,5992.4695,0.2051,0.4972
"g2-64-70.csv",3.3113,1.8062,32,45567.191,-0.6919,1,0,35.3103,0.9062,0.3481,0.2041,0.2068,8269.053,0.2062,0.4998
"g2-64-80.csv",3.3113,1.8062,32,45076.7059,-2.2119,1,0,35.3103,0.9062,0.294,0.1942,0.2011,8461.4417,0.2047,0.4946
"g2-64-90.csv",3.3113,1.8062,32,45328.4646,-0.8224,1,0,34.7119,0.9219,0.246,0.1845,0.1893,9424.9413,0.206,0.4969
"g2-8-10.csv",3.3113,0.9031,256,105.8103,-3.5845,1.7191,0,2048,0.125,0.9666,0.2479,0.2423,453.116,0.2002,0.5634
"g2-8-100.csv",3.3113,0.9031,256,100.1531,0.1662,1.0601,0.0065,256,1,0.3063,0.1609,0.1618,828.1353,0.2037,0.4741
"g2-8-20.csv",3.3113,0.9031,256,98.8448,-0.725,1.646,0,409.6,0.625,0.8799,0.2344,0.2293,393.1902,0.2018,0.5657
"g2-8-30.csv",3.3113,0.9031,256,109.8954,-2.3548,1.4988,0,292.5714,0.875,0.7684,0.215,0.2174,295.7472,0.2002,0.5628
"g2-8-40.csv",3.3113,0.9031,256,138.0019,-1.521,1.3593,0,292.5714,0.875,0.657,0.1965,0.2028,382.7218,0.2005,0.5606
"g2-8-50.csv",3.3113,0.9031,256,123.9672,-4.2942,1.2788,2e-04,256,1,0.5663,0.1809,0.1887,442.6193,0.199,0.5472
"g2-8-60.csv",3.3113,0.9031,256,101.5621,-2.2096,1.2093,0.0016,256,1,0.4814,0.17,0.1759,594.124,0.1997,0.5292
"g2-8-70.csv",3.3113,0.9031,256,95.6412,-2.2393,1.1405,0.0032,256,1,0.4227,0.1656,0.1706,635.5318,0.2004,0.5105
"g2-8-80.csv",3.3113,0.9031,256,119.3804,-2.3098,1.0828,0.0047,256,1,0.3811,0.1629,0.1664,674.3652,0.2003,0.4936
"g2-8-90.csv",3.3113,0.9031,256,97.7624,-0.1978,1.0292,0.0074,256,1,0.3356,0.1599,0.1616,806.373,0.2032,0.4786
"s_aggregation.csv",2.8965,0.301,394,36.1037,-9.5801,32.0208,0,394,1,0.5077,0.2024,0.1782,9.5841,0.1639,0.8041
"s_compound.csv",2.601,0.301,199.5,45.8313,-5.5592,20.9804,0,199.5,1,0.6592,0.2002,0.2004,10.7454,0.1705,0.7863
"s_d31.csv",3.4914,0.301,1550,41.8631,-17.6796,49.3707,0,1550,1,0.5467,0.1815,0.1817,5.576,0.1624,0.8001
"s_flame.csv",2.3802,0.301,120,1.6228,-4.7917,4.7709,1e-04,120,1,0.508,0.1898,0.1743,6.0099,0.1656,0.7366
"s_jain.csv",2.5717,0.301,186.5,48.1144,-5.2045,17.8531,7e-04,186.5,1,0.7209,0.1897,0.158,8.0412,0.1713,0.7649
"s_pathbased.csv",2.4771,0.301,150,15.9251,-2.6161,9.0797,0,150,1,0.5038,0.2003,0.1819,7.2466,0.1723,0.7687
"s_r15.csv",2.7782,0.301,300,0.1068,-2.6356,16.8299,0,300,1,0.5001,0.1887,0.1365,6.9032,0.1708,0.8162
"s_spiral.csv",2.4942,0.301,156,4.0596,-4.4393,1.6483,0,156,1,0.5006,0.178,0.1733,7.782,0.1681,0.7641
"s1.csv",3.699,0.301,2500,14.874,-23.938,118.3234,0,2500,1,0.5243,0.1697,0.1909,128893.7775,0.1703,0.8095
"s2.csv",3.699,0.301,2500,64.1846,-23.0138,94.8023,0,2500,1,0.5664,0.1727,0.1816,112802.1353,0.1633,0.7991
"s3.csv",3.699,0.301,2500,58.4269,-18.1554,62.8109,0.0024,2500,1,0.6687,0.1749,0.1694,124050.9269,0.1695,0.7893
"s4.csv",3.699,0.301,2500,8.3245,-20.372,54.3089,7e-04,2500,1,0.5346,0.1749,0.1793,203508.5294,0.1648,0.7962
"dim1024.csv",3.0103,3.0103,1,183118379.4611,160.8405,4096,0.0616,68.2667,0.0146,0.2097,0.0616,0,7787.1427,0.2039,0.6672
"dim512.csv",3.0103,2.7093,2,37775143.3798,1298.829,1.0009,0.0616,73.1429,0.0273,0.2105,0.0616,0,4700.4323,0.1999,0.6164
"g2-128-10.csv",3.3113,2.1072,16,356934.4532,-1.5757,1,0,2048,0.0078,0.9616,0.253,0.2435,2218.5811,0.2074,0.4954
"g2-128-100.csv",3.3113,2.1072,16,356665.1494,-1.8545,1,0,17.6552,0.9062,0.2044,0.1927,0.1975,22069.8503,0.2056,0.4889
"g2-128-20.csv",3.3113,2.1072,16,356397.0946,-2.2362,1,0,29.6812,0.5391,0.8634,0.2476,0.2432,3426.2713,0.2058,0.4891
"g2-128-30.csv",3.3113,2.1072,16,356516.1798,-4.2534,1,0,21.7872,0.7344,0.7371,0.242,0.2397,5381.519,0.2047,0.4858
"g2-128-40.csv",3.3113,2.1072,16,357171.9385,-2.9407,1,0,19.6923,0.8125,0.6124,0.235,0.2366,7349.2617,0.2065,0.4937
"g2-128-50.csv",3.3113,2.1072,16,357141.6639,-1.2697,1,0,18.789,0.8516,0.5051,0.2304,0.2329,14280.1483,0.2068,0.4916
"g2-128-60.csv",3.3113,2.1072,16,356728.5162,-3.9813,1,0,18.2857,0.875,0.4138,0.2234,0.229,9957.5028,0.2052,0.4875
"g2-128-70.csv",3.3113,2.1072,16,358759.6332,-1.8682,1,0,18.1239,0.8828,0.3428,0.216,0.2175,12336.2959,0.2067,0.4917
"g2-128-80.csv",3.3113,2.1072,16,358704.5755,-1.3265,1,0,17.9649,0.8906,0.2888,0.2085,0.2123,17532.0912,0.2077,0.4971
"g2-128-90.csv",3.3113,2.1072,16,356866.2677,-2.252,1,0,17.8087,0.8984,0.239,0.1995,0.2056,15986.4926,0.2069,0.4942
"g2-256-10.csv",3.3113,2.4082,8,2826981.1787,-3.0256,1,0,2048,0.0039,0.9616,0.2563,0.2431,3155.9904,0.208,0.4896
"g2-256-100.csv",3.3113,2.4082,8,2823593.4569,-4.8759,1,0,9.1022,0.8789,0.2012,0.2067,0.2113,34134.1417,0.2066,0.4859
"g2-256-20.csv",3.3113,2.4082,8,2825020.2654,-3.0934,1,0,16.254,0.4922,0.8626,0.25,0.2448,5917.521,0.2077,0.4875
"g2-256-30.csv",3.3113,2.4082,8,2825313.4023,-4.4706,1,0,11.5706,0.6914,0.7362,0.2445,0.2421,10412.7658,0.2064,0.4849
"g2-256-40.csv",3.3113,2.4082,8,2827600.5439,-3.1568,1,0,10.3434,0.7734,0.6121,0.2405,0.24,11201.2348,0.2084,0.4903
"g2-256-50.csv",3.3113,2.4082,8,2821364.8852,-5.3184,1,0,9.799,0.8164,0.5021,0.236,0.2369,16287.8412,0.2064,0.4848
"g2-256-60.csv",3.3113,2.4082,8,2826799.3088,-4.2393,1,0,9.4815,0.8438,0.4121,0.2322,0.234,15473.9001,0.2066,0.4815
"g2-256-70.csv",3.3113,2.4082,8,2823566.438,-4.3935,1,0,9.3091,0.8594,0.3407,0.2269,0.2283,18052.3837,0.2063,0.4815
"g2-256-80.csv",3.3113,2.4082,8,2819172.1034,-4.8132,1,0,9.2252,0.8672,0.2834,0.22,0.2231,24498.4089,0.2066,0.4838
"g2-256-90.csv",3.3113,2.4082,8,2827219.5814,-3.3927,1,0,9.1429,0.875,0.2391,0.2143,0.2161,25800.7779,0.2073,0.4864
"g2-512-10.csv",3.3113,2.7093,4,22458733.2788,-8.2182,1,0,2048,0.002,0.9616,0.2584,0.2421,5108.6463,0.2078,0.4844
"g2-512-100.csv",3.3113,2.7093,4,22460499.798,-8.8495,1,0,4.8075,0.832,0.2012,0.2189,0.2222,47472.4224,0.2062,0.4785
"g2-512-20.csv",3.3113,2.7093,4,22465811.8218,-8.3837,1,0,9.3091,0.4297,0.8622,0.2518,0.2446,7642.7572,0.2072,0.481
"g2-512-30.csv",3.3113,2.7093,4,22465137.8021,-8.0794,1,0,6.4,0.625,0.7358,0.2479,0.2446,13085.9061,0.207,0.4804
"g2-512-40.csv",3.3113,2.7093,4,22473273.7241,-7.9938,1,0,5.611,0.7129,0.6112,0.2439,0.2413,17436.6483,0.2062,0.4802
"g2-512-50.csv",3.3113,2.7093,4,22462602.2764,-9.5476,1,0,5.2513,0.7617,0.5009,0.2408,0.2402,24644.2714,0.2065,0.4804
"g2-512-60.csv",3.3113,2.7093,4,22464521.0797,-8.5633,1,0,5.0819,0.7871,0.4123,0.2378,0.2387,36064.5365,0.206,0.4784
"g2-512-70.csv",3.3113,2.7093,4,22469139.8796,-7.6135,1,0,4.9588,0.8066,0.338,0.2333,0.2339,36646.3397,0.2072,0.4811
"g2-512-80.csv",3.3113,2.7093,4,22471577.2097,-7.83,1,0,4.8878,0.8184,0.2831,0.2286,0.2296,33236.1403,0.2084,0.4872
"g2-512-90.csv",3.3113,2.7093,4,22468624.2054,-7.7536,1,0,4.8302,0.8281,0.238,0.2248,0.2241,37771.4558,0.2084,0.4863
"g2-1024-10.csv",3.3113,3.0103,2,179237702.3076,-15.4122,1,0,2048,0.001,0.9616,0.2637,0.2395,7906.958,0.208,0.4797
"g2-1024-100.csv",3.3113,3.0103,2,179225333.7612,-16.021,1,0,2.6983,0.7412,0.2004,0.2293,0.2292,62903.3051,0.2066,0.4759
"g2-1024-20.csv",3.3113,3.0103,2,179225009.9862,-16.0617,1,0,5.7207,0.3496,0.8626,0.2543,0.2457,13437.4677,0.2077,0.4808
"g2-1024-30.csv",3.3113,3.0103,2,179189580.475,-16.5846,1,0,3.7996,0.5264,0.736,0.2505,0.2443,17911.7863,0.2069,0.477
"g2-1024-40.csv",3.3113,3.0103,2,179207359.1753,-16.2005,1,0,3.256,0.6143,0.6106,0.2472,0.2434,25279.1121,0.2074,0.4807
"g2-1024-50.csv",3.3113,3.0103,2,179217950.4005,-16.2234,1,0,3.0206,0.6621,0.5009,0.2448,0.2405,34463.864,0.2079,0.479
"g2-1024-60.csv",3.3113,3.0103,2,179228551.1907,-15.7713,1,0,2.8886,0.6924,0.4109,0.2404,0.2418,52083.6754,0.2083,0.4834
"g2-1024-70.csv",3.3113,3.0103,2,179224145.908,-16.0216,1,0,2.8093,0.7119,0.3378,0.2381,0.2394,49018.6985,0.2068,0.4781
"g2-1024-80.csv",3.3113,3.0103,2,179191108.5229,-16.8482,1,0,2.7527,0.7266,0.2825,0.2355,0.236,69541.5628,0.2074,0.4793
"g2-1024-90.csv",3.3113,3.0103,2,179202851.6545,-16.3834,1,0,2.7234,0.7344,0.2371,0.2316,0.2336,78115.5412,0.2067,0.4769
