"Instances","feature_number_ex","feature_number_ftr","feature_ratio_ex_ftr","feature_skewness","feature_kurtosis","feature_multi_norm","feature_perc_out","feature_avg_pca","feature_ratio_pca","feature_avg_abs_cor","feature_low_dist","feature_high_dist","feature_eigen_cent","feature_net_dens","feature_clust_coef","algo_kmeans","algo_kmedians","algo_kmedoids","algo_single","algo_complete","algo_average","algo_wards","algo_closest","algo_mbkmeans"
"10d-10c-no0.dat",3.436,1,272.9,6492.1165,7.3257,4.8973,0.0138,303.2222,0.9,0.2628,0.1511,0.1493,60.5773,0.1891,0.6078,0.766085667649023,0.822048841651232,0.724297722837582,0.000810636800704486,0.660904258129624,0.415572242810148,0.902659636540404,0.000913177958059177,0.841635211256076
"10d-10c-no1.dat",3.4852,1,305.6,7393.1055,3.3391,5.108,0.013,339.5556,0.9,0.2532,0.1508,0.1507,54.6688,0.1907,0.5842,0.92986295020833,0.774682754417727,0.677948490369192,9.56185466122426e-05,0.683269556855567,0.633529752411023,0.954784446871584,0.000253829913081605,0.581149610673137
"10d-10c-no2.dat",3.5585,1,361.8,9722.6719,19.5948,5.7179,0.0112,402,0.9,0.2389,0.1523,0.1504,69.8033,0.1922,0.5851,0.952371187293786,0.820038265992771,0.740641319366472,0.000700890645251921,0.700220104986673,0.376599215743112,0.98949031061868,0.000591501148150633,0.462913049388653
"10d-10c-no3.dat",3.414,1,259.4,7006.5874,11.9059,4.9266,0.0123,288.2222,0.9,0.2544,0.1507,0.1507,71.6558,0.1897,0.6066,0.876037645083467,0.891797485838265,0.620163004754231,0.000814503059809147,0.655362981516252,0.43505462472289,0.986194689698751,0.000736523208666698,0.592244348597716
"10d-10c-no4.dat",3.482,1,303.4,6347.4094,2.0208,4.2606,0.0109,337.1111,0.9,0.2379,0.1531,0.153,62.3683,0.1922,0.5629,0.768855885392467,0.733396323482614,0.659585660811487,1.71753232981469e-05,0.60574909568376,0.494909050679157,0.956123641327048,0.000113090404000344,0.609714193247357
"10d-10c-no5.dat",3.5784,1,378.8,7488.1798,1.9062,4.2998,0.0158,420.8889,0.9,0.257,0.1474,0.1484,63.5855,0.1903,0.5347,0.9425916714647,0.801553290399863,0.840367660067508,3.95920809431538e-05,0.507800463846501,0.27097099419598,0.977014831329272,0.000108992880269459,0.516001853796919
"10d-10c-no6.dat",3.3347,1,216.1,5741.8109,8.0494,4.3914,0.0141,240.1111,0.9,0.2625,0.1547,0.1471,60.2037,0.1875,0.6158,0.716497944595015,0.819443585293859,0.62496621136182,0.000623758055188843,0.549870904073663,0.839354343027931,0.828684440608907,0.000549500393825675,0.530207201827097
"10d-10c-no7.dat",3.5081,1,322.2,7856.3698,2.5622,5.1441,0.0181,358,0.9,0.2365,0.1485,0.1472,58.5849,0.1893,0.5648,0.712910202357129,0.833083573756757,0.700344117371716,0.000984418194004793,0.534049454444975,0.629362149567752,0.975075794142678,0.000764068718051887,0.583759850595626
"10d-10c-no8.dat",3.4259,1,266.6,6558.8882,7.6811,4.4463,0.01,296.2222,0.9,0.2632,0.1537,0.152,56.6734,0.1908,0.5847,0.85028981152116,0.911957889314747,0.661137685505014,0.000669853285888766,0.513290291818519,0.826900291486923,0.986837203910776,0.000364966897191488,0.482681539695052
"10d-10c-no9.dat",3.4299,1,269.1,7008.6531,11.3742,4.9814,0.0109,299,0.9,0.2709,0.1523,0.1507,59.7263,0.1887,0.6067,0.785609017513603,0.822750819623193,0.471369460359791,0.000912778241682717,0.547397643089322,0.691532787012105,0.893304709893632,0.000426751699273943,0.639953530605503
"10d-20c-no0.dat",3.0056,1,101.3,5844.8966,5.8814,8.6025,0.0558,112.5556,0.9,0.2611,0.1252,0.1324,38.8156,0.1851,0.5907,0.681150190100576,0.94157788654907,0.851999579383301,0.885971214720762,0.998136872620014,0.998136872620014,1,0.852656105411633,0.857593371015451
"10d-20c-no1.dat",2.9562,1,90.4,5518.936,2.1867,8.0917,0.0548,100.4444,0.9,0.2956,0.1316,0.1278,48.2872,0.187,0.614,0.865281366461914,0.943140126265901,0.529697198511436,0.847964609457998,1,1,1,0.953763953102995,0.868936969663722
"10d-20c-no2.dat",3.066,1,116.4,5824.5831,4.0917,8.0567,0.0526,145.5,0.8,0.2725,0.1321,0.1336,40.066,0.1901,0.6007,0.883059767205434,0.967869846207489,0.626264851700022,0.778881809173007,0.99601365337755,0.930211931944499,0.993213499477314,0.808494672976857,0.868619252417957
"10d-20c-no3.dat",3.0795,1,120.1,6332.8429,7.3805,8.1115,0.05,133.4444,0.9,0.2333,0.129,0.1338,37.2893,0.1915,0.5701,0.769524395814747,0.905035293553932,0.591142349907592,0.797842118606333,0.993981568595881,0.997969274962569,0.997969274962569,0.81583892517884,0.693754725909303
"10d-20c-no4.dat",3.0892,1,122.8,5866.0794,8.2368,7.8484,0.0439,153.5,0.8,0.2501,0.1345,0.1376,35.2856,0.1935,0.5636,0.80591035427593,0.933555067950103,0.739181603459379,0.826527867335088,0.991914088906453,0.99379504038886,0.997720057841165,0.692698804218067,0.714125244763405
"10d-20c-no5.dat",3.0962,1,124.8,6193.9971,10.4747,8.8606,0.053,138.6667,0.9,0.2481,0.1297,0.1337,44.0033,0.1888,0.566,0.765122938436766,0.942547823158297,0.729204289384022,0.8967760258492,1,1,1,0.897189369633109,0.895412659726986
"10d-20c-no6.dat",3.1069,1,127.9,6311.3588,6.7895,7.3151,0.0453,142.1111,0.9,0.2726,0.1337,0.1451,34.5236,0.189,0.5968,0.887955532804555,0.886114158507632,0.817366314732887,0.646706282629673,0.998529589375068,0.994824863365428,0.998529589375068,0.468968701913892,0.827608726743244
"10d-20c-no7.dat",3.0342,1,108.2,5425.7951,6.6442,8.1501,0.0591,120.2222,0.9,0.2436,0.117,0.1316,43.7554,0.1917,0.5487,0.900709514268012,0.898072002780613,0.765947207269828,0.82733958620121,1,1,1,0.904596384362886,0.890452518971582
"10d-20c-no8.dat",3.1086,1,128.4,6116.6606,4.6351,7.6597,0.0441,142.6667,0.9,0.2591,0.1298,0.1385,35.1471,0.1897,0.5763,0.876868755764064,0.882707488434041,0.743969376795273,0.772335104838802,1,1,1,0.571086980657052,0.665920594324303
"10d-20c-no9.dat",3.1193,1,131.6,7367.3587,5.3718,8.7943,0.0489,146.2222,0.9,0.2817,0.1276,0.1393,39.1585,0.1901,0.5813,0.821685728700678,0.876486870325485,0.858100778688734,0.618288052373957,1,1,1,0.819185322691135,0.8182276142089
"10d-40c-no0.dat",3.2871,1,193.7,6642.3071,11.9759,10.892,0.0348,215.2222,0.9,0.2136,0.1322,0.1387,42.3403,0.1904,0.5056,0.848465629446224,0.942436273379766,0.763754120849296,0.846450565954536,0.999065441440893,0.998063508765162,0.9989991389519,0.73291121591999,0.830063203458326
"10d-40c-no1.dat",3.3596,1,228.9,6533.8931,13.4998,10.237,0.0303,254.3333,0.9,0.2137,0.1373,0.1438,36.9333,0.1923,0.5121,0.871163891035017,0.904861265733724,0.629590392142029,0.612964845005723,0.947464765675501,0.961870365019138,0.995747164787381,0.520633977802884,0.904882647140134
"10d-40c-no2.dat",3.3983,1,250.2,8020.0413,15.8417,11.2487,0.0289,278,0.9,0.1958,0.1381,0.1461,38.6647,0.1901,0.4951,0.942784753149797,0.877785199635156,0.788927318472538,0.645806164227984,0.986210556122298,0.996160079004385,0.996969666378952,0.449076433189003,0.819745204909594
"10d-40c-no3.dat",3.3556,1,226.8,7388.2075,6.4804,8.811,0.0278,252,0.9,0.2096,0.1391,0.1477,35.5176,0.1968,0.5073,0.862353873416667,0.848586472786286,0.623590222385577,0.457570321648957,0.949371524456768,0.966303901406017,0.998429594217139,0.0874863887193962,0.772524727358149
"10d-40c-no4.dat",3.4325,1,270.7,7344.97,12.3751,10.4822,0.0266,300.7778,0.9,0.2071,0.1366,0.1508,33.5324,0.1984,0.4913,0.930958535863272,0.940665633513786,0.737729177694299,0.783375135216896,0.997671617057797,0.978855774835962,0.997671617057797,0.185257147323429,0.718371455283663
"10d-40c-no5.dat",3.372,1,235.5,6340.6168,16.4108,10.7515,0.0314,261.6667,0.9,0.2218,0.1303,0.1442,37.9475,0.1867,0.4993,0.862939127949509,0.916869806609291,0.714918081504168,0.922485318264097,0.99798525548426,0.999639172629122,0.997354589275089,0.780313996117749,0.905256673129007
"10d-40c-no6.dat",3.4252,1,266.2,7770.5959,14.9562,10.1519,0.0303,295.7778,0.9,0.2312,0.1317,0.1488,36.2032,0.1931,0.5136,0.883435650570972,0.885961246631236,0.641449443371875,0.454931218160109,1,0.966866722276078,0.99837853292452,0.46389320216376,0.644051775635848
"10d-40c-no7.dat",3.3345,1,216,6844.0351,9.8086,9.4583,0.0306,240,0.9,0.2218,0.1399,0.1422,38.975,0.1944,0.5,0.946003291269195,0.98004612516973,0.74447208977572,0.767135201768707,0.995992300479044,0.994993024499145,0.997623905097764,0.287040294787859,0.76924795170899
"10d-40c-no8.dat",3.3629,1,230.6,7541.7192,12.4936,9.7516,0.0307,256.2222,0.9,0.218,0.134,0.1462,41.2542,0.1909,0.4922,0.826281803377232,0.883953886549952,0.746896260421447,0.788951083493045,0.984004387779613,0.978795610819016,0.994252200687281,0.333133211364703,0.806973833244194
"10d-40c-no9.dat",3.3746,1,236.9,9027.4626,5.536,11.1177,0.0264,263.2222,0.9,0.2064,0.1417,0.1485,35.6771,0.1958,0.5208,0.84199564356096,0.882813135604327,0.795355949735374,0.604918770032827,0.966061983776101,0.971724256664567,0.998601420399062,0.565322200319759,0.702651716401504
"10d-4c-no0.dat",3.1103,1,128.9,3214.0548,13.1771,2.87,7e-04,143.2222,0.9,0.3575,0.1945,0.1609,59.2565,0.194,0.6138,0.770402203545697,0.997195427850493,0.620267897637779,0.00241521371844558,1,0.354871801538929,1,0.00241521371844558,0.93384082861422
"10d-4c-no1.dat",2.9814,1,95.8,2857.622,20.594,2.4775,3e-04,106.4444,0.9,0.3191,0.1945,0.158,63.8976,0.1926,0.6481,0.97677033118851,0.968995503674364,0.967185197132919,0.00323332903122455,0.983878403879285,0.631964307351605,0.992113439885327,0.00173354346305098,0.929672237276579
"10d-4c-no2.dat",2.9232,1,83.8,1764.9502,7.4217,1.8917,0.0039,93.1111,0.9,0.3284,0.1728,0.1541,64.5825,0.1937,0.6145,0.954161728436462,0.964680248601801,0.715288140236868,0.000938010445868897,0.763010227366803,0.885795977745979,0.996683626888164,0.00120836457282552,0.761663176422821
"10d-4c-no3.dat",3.1199,1,131.8,3276.7065,8.137,2.5419,0.0021,146.4444,0.9,0.2819,0.1736,0.1576,51.3623,0.1935,0.6089,0.911211984180938,0.909068104759775,0.73091073911077,0.00015023771524358,0.220301727216371,0.492193077641566,1,0.000848347282929252,0.698673769406435
"10d-4c-no4.dat",2.9699,1,93.3,2633.1001,12.5331,1.8609,5e-04,103.6667,0.9,0.3573,0.1938,0.1553,54.0985,0.195,0.6071,0.783745468090786,0.972438807956368,0.738284251382599,0.00111157201164369,0.880991219534496,0.665556029228519,0.994157501729407,0.000251405580782433,0.687834507875521
"10d-4c-no5.dat",3.0565,1,113.9,3053.6656,13.5836,2.9191,3e-04,126.5556,0.9,0.3235,0.1943,0.1653,64.4846,0.1995,0.5976,0.754618710656835,0.979428140634397,0.464453078903605,0.00149024671973405,0.681844694977156,0.553221507983759,0.993607977229537,0.00225777452762371,0.733243764762051
"10d-4c-no6.dat",2.9899,1,97.7,2491.8974,8.22,2.4318,0.002,108.5556,0.9,0.3068,0.184,0.1537,57.9823,0.196,0.5923,0.977320964330332,0.974943542660035,0.468254581191864,0.000692071098847623,0.686239072470562,0.580536179818226,1,0.00226024244408976,0.652216903842614
"10d-4c-no7.dat",3.1708,1,148.2,3414.777,3.7434,2.4336,0.0016,185.25,0.8,0.3563,0.191,0.1472,47.8328,0.1861,0.6799,0.985875697925704,0.979862736491131,0.673280956153611,0.000288967650579936,0.827547828708051,0.994072561591612,0.997959698197692,0.000363582510370388,0.651945531906676
"10d-4c-no8.dat",2.985,1,96.6,2223.3143,5.702,2.2637,0.0015,107.3333,0.9,0.273,0.1824,0.1534,58.861,0.1934,0.6019,0.625168351757076,0.957386459726567,0.636184952041601,0.00125638088742422,0.592743593373674,0.455176057224059,0.993004294403636,0.00114338342687563,0.657874733518995
"10d-4c-no9.dat",3.073,1,118.3,2092.9939,1.9234,1.8208,0.0015,131.4444,0.9,0.3066,0.1774,0.1575,61.7954,0.1906,0.6684,0.98582458309644,0.984059140634466,0.720340602822297,7.18625808294885e-05,0.691224416594936,0.858846095113511,0.994356516874906,7.18625808294885e-05,0.80625337418018
"2d-10c-no0.dat",3.473,0.301,1486,27.1526,15.7733,94.7976,0.001,1486,1,0.5675,0.1526,0.1801,5.7629,0.1777,0.8034,0.830012182583062,0.73271038692496,0.786494387961687,0.231439210116925,0.676422137097058,0.850617195297163,0.868899301134547,0.899060055293373,0.803628032796431
"2d-10c-no1.dat",3.4023,0.301,1262.5,193.6764,9.0339,112.4903,0.0042,1262.5,1,0.5672,0.184,0.1603,8.4666,0.1796,0.7962,0.666194376861427,0.630500798561651,0.630373484828012,0.304839396832261,0.517891776793181,0.661878187670149,0.809178104517609,0.677310475397245,0.426937561297157
"2d-10c-no2.dat",3.4876,0.301,1536.5,423.0761,15.4285,151.3574,0,1536.5,1,0.6577,0.1754,0.2017,6.8471,0.1829,0.8262,0.795469041675496,0.698282320376061,0.668822327117061,0.5153101856162,0.597771148711303,0.820436312526186,0.909491373178139,0.800088938596055,0.782481555997794
"2d-10c-no3.dat",3.5262,0.301,1679.5,496.8316,20.3172,236.1748,0,1679.5,1,0.531,0.2122,0.1725,6.3137,0.1872,0.7987,0.818761979190166,0.903614682623889,0.695930487381071,0.454330129399605,0.688521206430408,0.73339531279792,0.942725684697048,0.599571243624746,0.904226825375067
"2d-10c-no4.dat",3.5173,0.301,1645.5,183.3464,12.6752,124.8025,0.0033,1645.5,1,0.698,0.1596,0.1665,7.019,0.1803,0.8097,0.675585232749417,0.659565990200928,0.771617215241333,0.222309843031164,0.754639326153888,0.747020999642289,0.913185322944479,0.749843140149472,0.722950532503421
"2d-10c-no5.dat",3.5599,0.301,1815,48.297,12.2661,167.2791,2e-04,1815,1,0.7335,0.1856,0.1826,14.4266,0.177,0.8827,0.820434152599696,0.685405196755219,0.851819654075818,0.00156855691536488,0.499042276694947,0.476629776793727,0.935063816303118,0.474435975149902,0.820270892762997
"2d-10c-no6.dat",3.5325,0.301,1704,66.577,8.7781,96.1482,0.0026,1704,1,0.5758,0.1698,0.1694,9.1731,0.176,0.8092,0.794591893386711,0.660657630331756,0.652367882969979,0.000120732540180742,0.504633524327871,0.576960428401028,0.853660933906186,0.571783558174526,0.573116758928723
"2d-10c-no7.dat",3.4038,0.301,1267,433.0298,9.769,110.5555,0.0012,1267,1,0.6213,0.1871,0.1783,9.4512,0.176,0.8122,0.595182215881218,0.651535354916694,0.615760580019836,0.259703914368227,0.542822266669508,0.568462321012582,0.739264418136222,0.592527748067368,0.586531429306168
"2d-10c-no8.dat",3.4518,0.301,1415,283.1979,12.5077,203.2103,0,1415,1,0.7287,0.1897,0.1981,7.9666,0.1796,0.8237,0.784534381965273,0.711158299918634,0.600698073293518,0.000170527287792232,0.578401888033212,0.627508885184225,0.888033604313756,0.677459442150177,0.724440314206583
"2d-10c-no9.dat",3.5539,0.301,1790,92.7729,18.4397,207.7096,0,1790,1,0.5454,0.1837,0.181,5.9482,0.1778,0.8237,0.778769299888618,0.732615217195859,0.797464859515971,0.122718248836893,0.731281927997897,0.669262619522997,0.925959013798552,0.902606077531092,0.757840880814233
"2d-20c-no0.dat",3.181,0.301,758.5,109.2867,12.186,48.3451,0,758.5,1,0.6076,0.1919,0.1843,5.407,0.1696,0.7953,0.808877973640439,0.846242220076342,0.688226823619644,0.655995320202552,0.795543829373635,0.900294779417722,0.991879213511095,0.826496804234386,0.781939085503701
"2d-20c-no1.dat",3.0903,0.301,615.5,16.9623,9.0687,34.3269,5e-04,615.5,1,0.5393,0.1772,0.1685,7.9653,0.1718,0.8335,0.840969884348347,0.764324327604689,0.746160411513015,0.744518496359716,0.793127936654125,0.930724051915315,0.950609333013465,0.859315915146492,0.811289692705442
"2d-20c-no2.dat",3.035,0.301,542,12.7314,7.8486,30.502,0.0076,542,1,0.6636,0.16,0.1603,6.666,0.1698,0.8196,0.829961689992932,0.708284767438962,0.655111376345815,0.149259323290912,0.828349768760905,0.868549595336584,0.853140770898475,0.874474786763575,0.688722547335641
"2d-20c-no3.dat",3.0527,0.301,564.5,28.3108,11.976,41.529,2e-04,564.5,1,0.594,0.1852,0.1688,5.8292,0.1774,0.8023,0.819233992576723,0.837210682780701,0.501725759759721,0.651164342142917,0.702617150136594,0.79993749742082,0.90514762685334,0.883383736847542,0.869237204908577
"2d-20c-no4.dat",3.1602,0.301,723,73.2844,12.0276,43.5315,0,723,1,0.5306,0.176,0.1924,5.3679,0.1665,0.8087,0.824101293615263,0.757458942727352,0.648416678499067,0.697643317445248,0.650185212052381,0.890832068449304,0.924412996425158,0.778643979697476,0.74490148177806
"2d-20c-no5.dat",3.0711,0.301,589,22.563,8.075,36.9157,2e-04,589,1,0.6178,0.1613,0.1585,6.0383,0.1693,0.7961,0.816931773590421,0.748324731054349,0.585658943963851,0.664970598874887,0.753295961347434,0.762639667060744,0.886841971002732,0.766374704636436,0.831907935827891
"2d-20c-no6.dat",3.0708,0.301,588.5,35.0776,12.4197,42.0465,0,588.5,1,0.5477,0.1794,0.1856,4.8452,0.1689,0.8264,0.783661241155456,0.843053347622074,0.593428302632416,0.602473196447297,0.698388903380277,0.806455389631288,0.889734895481575,0.812629190307233,0.726770747212765
"2d-20c-no7.dat",3.0924,0.301,618.5,8.3438,10.8784,29.7017,3e-04,618.5,1,0.531,0.1728,0.1841,5.8052,0.1684,0.8024,0.920659899852555,0.839769000692292,0.779776535076228,0.73687847927913,0.84009237719051,0.917464326270162,0.948314899328628,0.874554135380269,0.74390924306963
"2d-20c-no8.dat",3.0615,0.301,576,66.1007,7.5763,31.0349,1e-04,576,1,0.5888,0.1674,0.1856,5.4978,0.1656,0.808,0.792108503699011,0.836443787193703,0.859275644395037,0.862765295447606,0.762173325386519,0.931450550403492,0.91576751287399,0.90887675150588,0.818837661026853
"2d-20c-no9.dat",3.0813,0.301,603,9.4145,12.4276,34.5385,0,603,1,0.5284,0.1685,0.1877,5.9775,0.1823,0.8039,0.897820724978475,0.86227339214889,0.739898312158784,0.817196981044263,0.759750108135571,0.890470912481072,0.901908116114724,0.889558987076957,0.764728244808752
"2d-40c-no0.dat",3.4087,0.301,1281.5,87.4862,13.5012,57.0217,0,1281.5,1,0.5829,0.19,0.1779,4.5356,0.1653,0.7953,0.790622797073021,0.784778274525048,0.565513010042122,0.612324423823407,0.774833381913005,0.84724357417271,0.89963292220035,0.868394253032509,0.667824596176427
"2d-40c-no1.dat",3.3454,0.301,1107.5,10.2397,15.1358,51.3575,0,1107.5,1,0.5352,0.1831,0.1762,3.9068,0.1649,0.8076,0.701205842138561,0.744933253403126,0.545043738365241,0.442294160852848,0.694302124911285,0.787722277956257,0.842134464653971,0.73656857515154,0.762890156435496
"2d-40c-no2.dat",3.3316,0.301,1073,67.4691,13.3311,55.1385,0,1073,1,0.6202,0.1842,0.1782,3.7844,0.1703,0.8,0.733518786621897,0.730684777048567,0.4453503039449,0.254984392637982,0.643591084807106,0.738706115536631,0.827333421011621,0.616808903106055,0.613389014018714
"2d-40c-no3.dat",3.3591,0.301,1143,47.9331,14.9796,44.9449,0,1143,1,0.5157,0.1808,0.177,4.2134,0.1674,0.8099,0.692533036651091,0.80270340815141,0.612671002782795,0.590671118054132,0.751900255772598,0.773986378527048,0.854447588278855,0.748034085251713,0.718595199204098
"2d-40c-no4.dat",3.3533,0.301,1128,29.1979,15.5003,48.7243,0,1128,1,0.6057,0.1832,0.1823,4.195,0.1713,0.7997,0.797523099635953,0.745297088291654,0.420208216980769,0.49222413453521,0.719474609603912,0.787280659408172,0.881986933327768,0.792441516081649,0.776422833479772
"2d-40c-no5.dat",3.3375,0.301,1087.5,11.1825,14.4989,40.7557,1e-04,1087.5,1,0.5517,0.1839,0.1826,3.6578,0.1641,0.7949,0.765289142526733,0.723617569842316,0.560521964716121,0.490094780935104,0.693382492690892,0.773575839634552,0.830000921247592,0.787697514638848,0.66437592045751
"2d-40c-no6.dat",3.372,0.301,1177.5,19.842,14.4351,43.2789,1e-04,1177.5,1,0.5233,0.181,0.1801,3.797,0.1721,0.7963,0.766770781071496,0.759082382208371,0.580679036908282,0.457965341286197,0.730228484540456,0.852289626571768,0.8396402280488,0.84358913783486,0.671107163800788
"2d-40c-no7.dat",3.3465,0.301,1110.5,55.2818,14.7764,45.6758,3e-04,1110.5,1,0.6357,0.1836,0.1793,3.8679,0.166,0.8125,0.716168533475201,0.764434441292413,0.501212713871462,0.420704378212514,0.713363682326661,0.786250251975477,0.820707580917646,0.78072741666597,0.736358269984304
"2d-40c-no8.dat",3.3206,0.301,1046,35.135,14.9863,47.979,0,1046,1,0.5161,0.184,0.1774,3.6129,0.1705,0.7945,0.821892748612016,0.766483668027975,0.552256175995444,0.402386440901962,0.702296481202116,0.736077023677942,0.85725104423617,0.767000202485992,0.735112637453187
"2d-40c-no9.dat",3.3751,0.301,1186,89.0426,11.8969,32.2708,7e-04,1186,1,0.5491,0.1777,0.1776,3.296,0.1681,0.801,0.781372833022159,0.758146524357777,0.438973541306716,0.389551473059506,0.679715636575497,0.77462727425574,0.915914001707282,0.739196854540333,0.726227170217099
"2d-4c-no0.dat",3.1965,0.301,786,166.517,15.3693,120.6444,0,786,1,0.6883,0.2158,0.1978,7.5639,0.1814,0.8117,0.963495503052162,0.807101142563933,0.683494144153818,0.617204077094325,0.680634272199632,0.984251558374571,0.988165741095283,0.974595156492439,0.992095276564041
"2d-4c-no1.dat",3.2103,0.301,811.5,579.1019,11.4369,133.028,0,811.5,1,0.5431,0.2338,0.1731,5.7726,0.178,0.8105,0.288653871741275,0.717527015510743,0.889964851599121,0.000953437960008896,0.652978930018313,0.748098089783403,0.905954798143102,0.845794639394324,0.723397877182407
"2d-4c-no2.dat",3.0269,0.301,532,121.4929,5.4595,63.0726,9e-04,532,1,0.7199,0.1894,0.1633,9.2076,0.1796,0.7884,0.90154101223449,0.532068428404735,0.928096401089969,0.556092361605085,0.772650357939961,0.511317702218386,0.988826370308738,0.518007603750319,0.571020889527306
"2d-4c-no3.dat",3.0504,0.301,561.5,272.548,9.331,159.3825,0,561.5,1,0.699,0.2532,0.1569,9.3209,0.176,0.8158,0.919342546538049,0.789602761736121,0.739997730793357,0.484849321958325,0.89517036021271,0.986670394923081,0.99095445070769,0.973911340457133,0.841459298801246
"2d-4c-no4.dat",2.936,0.301,431.5,575.7034,16.5683,55.6267,0.0395,431.5,1,0.5055,0.1813,0.1515,8.4534,0.1863,0.8016,0.401442855414367,0.678405052269201,0.979432504988353,0.39719560857038,0.39421839623384,0.851355186023031,0.991764878392357,0.39719560857038,0.516926249266533
"2d-4c-no5.dat",3.2143,0.301,819,186.4266,11.2811,84.085,9e-04,819,1,0.8578,0.1876,0.1894,8.0252,0.176,0.7975,0.782437603925938,0.794482276761855,0.78167886324349,0.000461381175179541,0.745112984335084,0.576055842174155,0.844919635594107,0.613988475318443,0.87039250913805
"2d-4c-no6.dat",3.2227,0.301,835,340.0246,7.4193,133.3337,1e-04,835,1,0.6017,0.2149,0.1563,13.5459,0.1789,0.8212,0.954817208674525,0.802136501593663,0.646830238323236,0.592686763567967,0.660325818998849,0.674719901714426,0.992414205511814,0.678466367161544,0.967622462993248
"2d-4c-no7.dat",3.012,0.301,514,695.1498,6.9193,131.4935,0,514,1,0.8317,0.2586,0.1755,12.715,0.1768,0.8352,0.848153002726004,0.866102464885586,0.864815779974047,0.574554213846305,0.805894485156351,0.757832861591835,0.80989759727554,0.744526457059051,0.570750247393262
"2d-4c-no8.dat",3.0326,0.301,539,98.7494,10.3601,118.4768,0,539,1,0.7894,0.247,0.1888,11.0877,0.1779,0.8077,0.825433193615536,0.985254302419495,0.826920643001879,0.00307279508966084,0.802163169537515,0.987893315529625,0.99679804333976,0.915388993091209,0.831798094036817
"2d-4c-no9.dat",2.9425,0.301,438,129.873,8.3334,49.987,0,438,1,0.7342,0.2162,0.2144,7.1465,0.1692,0.7969,0.680517938707147,0.894879525522345,0.661492369398964,0.849414982109873,0.649891044198746,0.718064868203432,0.961613136708073,0.495062255335114,0.875975091158315
"ellipsoid.100d10c.1.dat",3.4612,2,28.92,1755592.3034,2666.7079,3.3043,0.0029,262.9091,0.11,0.307,0.1641,0.1788,2.1914,0.2051,0.6237,0.402105729992335,0.101514071623075,0.561966688569731,0.000588475146023037,0.286498017226515,0.300483202767355,0.503786684508947,0.314020830119017,0.539260041065703
"ellipsoid.100d10c.10.dat",3.4065,2,25.5,939519.7835,1555.2498,2.6894,4e-04,196.1538,0.13,0.2975,0.1798,0.172,3.0848,0.2096,0.6139,0.382099347026468,0.175913611497943,0.42461994597522,0.000227874431629168,0.420801790689888,0.408713693286877,0.47447061273058,0.207724400201677,0.360223113789031
"ellipsoid.100d10c.2.dat",3.4751,2,29.86,1592391.5208,2581.7114,3.7993,0.0051,248.8333,0.12,0.289,0.1649,0.1578,2.7055,0.2162,0.5557,0.490773807154588,0.190967923329221,0.501997054225587,0.000296704936784489,0.30308242852328,0.280100769647676,0.385012911659984,0.0629887910582817,0.410362458274514
"ellipsoid.100d10c.3.dat",3.4914,2,31,1475992.4743,2507.8604,4.9271,7e-04,221.4286,0.14,0.3068,0.1768,0.1784,3.5285,0.2158,0.5657,0.392248731628455,0.327927254453636,0.48262072290182,0.00015059228769218,0.232079812868808,0.263747476348145,0.541243905606972,0.325260395883295,0.453500896906715
"ellipsoid.100d10c.4.dat",3.3892,2,24.5,1192990.6552,1876.7223,2.6079,5e-04,245,0.1,0.2796,0.1824,0.1696,2.5438,0.2103,0.6067,0.40296472008116,0.195976859175036,0.46027909943806,0.000657012027800842,0.416232829309534,0.323148838016371,0.429708910862986,0.286912591471127,0.441785475114856
"ellipsoid.100d10c.5.dat",3.4752,2,29.87,1601457.1194,2439.7519,3.3878,0.0036,248.9167,0.12,0.2999,0.1674,0.1724,2.6815,0.2115,0.5793,0.5548855393873,0.109860502198939,0.50559829216269,0.000839844866600235,0.214583203390938,0.311707332088476,0.332408773584322,0.260320428528849,0.418472774542656
"ellipsoid.100d10c.6.dat",3.4476,2,28.03,1690758.8048,2569.0474,3.6926,0.0052,233.5833,0.12,0.2921,0.1581,0.1634,2.3508,0.2173,0.5472,0.44677606694062,0.105568973000627,0.578323528396983,0.000177089283338778,0.236410059073433,0.506436957451399,0.546026145599896,0.126613303759586,0.351319763176031
"ellipsoid.100d10c.7.dat",3.4986,2,31.52,1134469.4832,2019.0706,2.9962,2e-04,315.2,0.1,0.2984,0.1838,0.1766,2.9567,0.2153,0.5667,0.336639175018611,0.380986932173722,0.502318604234348,0.000407154818524723,0.26631776928787,0.322847496090182,0.521416990987805,0.244922877166602,0.353386765474556
"ellipsoid.100d10c.8.dat",3.4339,2,27.16,1437433.5897,2288.1846,3.773,0.0013,208.9231,0.13,0.2957,0.1734,0.1758,3.4755,0.2097,0.5883,0.545297800669499,0.129390898447483,0.568358759030643,0.00100078986548122,0.318980206175907,0.326799661017238,0.605577491889449,0.136471730030036,0.427663930910479
"ellipsoid.100d10c.9.dat",3.3228,2,21.03,1288077.6605,1913.6921,3.2934,9e-04,161.7692,0.13,0.3143,0.1797,0.1774,3.816,0.2134,0.5753,0.434454989116037,0.315755135650935,0.415013889455108,0.000147664303079891,0.266878802273583,0.222261346221763,0.540883764256353,0.222371238697407,0.382735038710765
"ellipsoid.100d20c.1.dat",3.1265,2,13.38,1060937.6088,1057.7104,1.5306,0.0109,66.9,0.2,0.2274,0.1492,0.1677,2.6015,0.2439,0.4684,0.272275732224113,0.187719716077448,0.548547948442562,0.00172306375511569,0.166351644451879,0.135719761596805,0.557830061162483,0.0430877017536788,0.239905951380179
"ellipsoid.100d20c.10.dat",3.0864,2,12.2,790630.0143,793.8525,1.2782,6e-04,64.2105,0.19,0.21,0.1712,0.1799,2.9727,0.2442,0.4576,0.415845269634776,0.221333318507078,0.500365031652693,0.0017291564478009,0.264879501240242,0.282829193732371,0.416592949848782,0.0941573276235238,0.274853874744951
"ellipsoid.100d20c.2.dat",3.003,2,10.07,770464.6991,735.8581,1.2519,1e-04,55.9444,0.18,0.2322,0.1772,0.1842,2.9262,0.24,0.4811,0.327379797653858,0.314222232044732,0.413784130497712,0.00127971167539628,0.232893307002147,0.218529284538895,0.518196059895699,0.0844774501241629,0.329303319090637
"ellipsoid.100d20c.3.dat",3.033,2,10.79,808042.7884,776.5889,1.3911,4e-04,59.9444,0.18,0.2113,0.1772,0.1709,2.3775,0.2417,0.4591,0.320575576309252,0.13394120169879,0.389552329485843,0.00245304206069411,0.251017605290382,0.245828615276102,0.505573537086794,0.214585916228468,0.32776554154654
"ellipsoid.100d20c.4.dat",3.0611,2,11.51,832955.2431,839.79,1.4905,7e-04,57.55,0.2,0.213,0.1719,0.1834,2.7509,0.2439,0.4651,0.334016605529978,0.0782363937046029,0.449996963921709,0.000482909693700104,0.220531101203061,0.290025473402738,0.67156276784919,0.102518483592785,0.22286543893223
"ellipsoid.100d20c.5.dat",3.0558,2,11.37,865803.6192,842.4632,1.4154,0.0036,63.1667,0.18,0.2099,0.1628,0.1689,2.8477,0.2414,0.4713,0.369241835796946,0.170590355936848,0.490473262130948,0.00382450242252078,0.220328676617892,0.16827723349775,0.558903649855324,0.118405307095224,0.367551514456482
"ellipsoid.100d20c.6.dat",3.0508,2,11.24,961764.8584,959.5305,1.6095,0.0015,59.1579,0.19,0.2216,0.1682,0.1791,3.3372,0.2424,0.4662,0.328290614950692,0.259459809414879,0.46903804531202,0.00280805271061003,0.15635220863977,0.227626661130511,0.453022789741216,0.182947229500451,0.429740048866627
"ellipsoid.100d20c.7.dat",3.0124,2,10.29,847404.3926,775.7899,1.2343,0.0015,57.1667,0.18,0.2178,0.1747,0.1682,3.0028,0.2403,0.4728,0.380131859121261,0.215203633714425,0.536054210209766,0.00389168593444071,0.252556471312406,0.195320214569155,0.369697990122264,0.116408720834864,0.178360970842712
"ellipsoid.100d20c.8.dat",3.0056,2,10.13,855199.5914,798.8718,1.3536,0.0056,50.65,0.2,0.2177,0.1521,0.1738,3.3399,0.239,0.4712,0.324252733735691,0.106860145471276,0.548124416778463,0.00796739237051614,0.211147783017818,0.263734040699935,0.709700626389604,0.0903850654710464,0.259184787840321
"ellipsoid.100d20c.9.dat",3.0611,2,11.51,791062.3178,764.1268,1.3338,0.0041,60.5789,0.19,0.2094,0.1637,0.1654,3.1172,0.2421,0.4597,0.362895904248905,0.0741711980650753,0.505100635336168,0.008909960278482,0.224747375717426,0.178594627569147,0.436131842594298,0.120725718678182,0.225579705809616
"ellipsoid.100d40c.1.dat",3.3446,2,22.11,1566800.5039,852.954,1.4313,0.0021,67,0.33,0.1555,0.1691,0.1717,2.3748,0.259,0.439,0.268341162200981,0.0518376806735795,0.390660019139071,0.00129849019307942,0.160639355542434,0.121648059716694,0.486136009082667,0.0803582102487818,0.282382698695583
"ellipsoid.100d40c.10.dat",3.2936,2,19.66,1528353.4372,1041.2649,1.5642,0.0045,56.1714,0.35,0.1602,0.1614,0.1731,2.8868,0.2588,0.4406,0.247020545512846,0.0460109486526197,0.404726806017837,0.00173579069511932,0.138552950086914,0.109266548667727,0.370589432632378,0.0487980030364845,0.167407395791545
"ellipsoid.100d40c.2.dat",3.2767,2,18.91,1466426.3414,919.2368,1.56,0.0024,54.0286,0.35,0.148,0.1698,0.1707,2.806,0.2592,0.4329,0.210067146024782,0.0672866320641463,0.455003228538103,0.00519309706036556,0.141104416832864,0.169555036356233,0.424760890501561,0.0558758023497167,0.12813165605697
"ellipsoid.100d40c.3.dat",3.2931,2,19.64,1464508.0093,823.8236,1.3244,0.0051,57.7647,0.34,0.1589,0.1619,0.172,2.8574,0.258,0.4371,0.270855411425972,0.0451794465275547,0.472591682603285,0.00289594307803396,0.176186737889023,0.162718790192548,0.425413620584791,0.0663011608935357,0.17851151346876
"ellipsoid.100d40c.4.dat",3.3844,2,24.23,1636180.6872,942.9059,1.5701,0.0049,71.2647,0.34,0.1478,0.1635,0.1682,3.2628,0.2599,0.4368,0.233488592112218,0.0425104149716344,0.429032319974771,0.00193231275005084,0.192283170842527,0.152292709006275,0.411195563444765,0.0743806373619928,0.143291561180332
"ellipsoid.100d40c.5.dat",3.3436,2,22.06,1683029.1808,1055.9174,1.5251,0.0036,64.8824,0.34,0.1612,0.1655,0.1772,2.9429,0.2589,0.4382,0.246145034046474,0.0420618203073056,0.470458723050218,0.00164492123207741,0.158618526160916,0.145640382897668,0.410180299699535,0.0718893078849064,0.207401610925981
"ellipsoid.100d40c.6.dat",3.3589,2,22.85,1642103.8093,1034.4609,1.6267,0.0022,67.2059,0.34,0.1471,0.1722,0.1703,2.8916,0.2596,0.4324,0.219429438094747,0.0894269260515422,0.427119798324774,0.00104925433107464,0.17848411387827,0.122781321146197,0.435992777228348,0.0502518392823982,0.135639755359684
"ellipsoid.100d40c.7.dat",3.2622,2,18.29,1538422.7596,912.9014,1.4028,0.0053,53.7941,0.34,0.1523,0.1654,0.1611,2.9259,0.2569,0.4396,0.255708253716722,0.0757762188074348,0.522671302832769,0.0018149063867261,0.212889748335024,0.17536131233943,0.434136499646098,0.058384161525417,0.310514139136928
"ellipsoid.100d40c.8.dat",3.3222,2,21,1473328.1435,793.6681,1.3439,0.0021,60,0.35,0.1492,0.1725,0.1728,3.0081,0.2591,0.4363,0.184773291141146,0.0143697227548262,0.457766051587057,0.00185299985764349,0.22439809390215,0.160653212266189,0.292892681189973,0.0765978488110353,0.250225241130181
"ellipsoid.100d40c.9.dat",3.3398,2,21.87,1496369.5567,809.5381,1.439,0.0032,66.2727,0.33,0.1656,0.1652,0.1734,2.344,0.2596,0.4393,0.221307114837888,0.0242210952682637,0.471679150481392,0.00172789265428431,0.183494293263694,0.165745777828914,0.409013377557488,0.0618650709114742,0.125709027794044
"ellipsoid.100d4c.1.dat",3.1092,2,12.86,1478646.6942,1839.4491,3.781,0.0037,49.4615,0.26,0.4681,0.157,0.1777,2.7458,0.176,0.7725,0.470108420032614,0.38881214200144,0.521919555054882,0.000981560729766824,0.349058160043446,0.261348699949608,0.385100911945673,0.227586793011177,0.259449027635864
"ellipsoid.100d4c.10.dat",2.9854,2,9.67,1264310.7082,1440.8791,3.7255,0,69.0714,0.14,0.518,0.1656,0.1829,1.7737,0.1835,0.7423,0.394617206045704,0.301413163484496,0.491445322945262,0.00222239199381883,0.195490142587454,0.197621081869472,0.706032782971935,0.0659513417242116,0.462632847273565
"ellipsoid.100d4c.2.dat",3.0056,2,10.13,1036546.9212,1266.1416,3.313,8e-04,67.5333,0.15,0.4822,0.1792,0.1729,2.1063,0.1781,0.7673,0.338393188248841,0.140503458412041,0.426599793906549,0.001352963179699,0.382480553178595,0.656466931286442,0.650779864476696,0.369170587394574,0.505659774146285
"ellipsoid.100d4c.3.dat",3.1242,2,13.31,1570631.3965,2084.3061,9.5452,2e-04,66.55,0.2,0.4854,0.178,0.1857,2.5332,0.1861,0.754,0.413099904830602,0.305880178978549,0.438980014802309,0.000426836153229146,0.320662260858085,0.261661467085704,0.7300940351681,0.368011497912579,0.415956518409058
"ellipsoid.100d4c.4.dat",3.1778,2,15.06,1360547.0181,1928.3262,7.4697,0,125.5,0.12,0.4747,0.1944,0.1852,2.695,0.1831,0.756,0.421069984578239,0.321251603863784,0.509136291186041,0.000632035508745559,0.440848642788189,0.586488546024733,0.592416631708698,0.541304025308135,0.393580968143579
"ellipsoid.100d4c.5.dat",3.0481,2,11.17,1184694.1917,1434.0287,3.3082,0,159.5714,0.07,0.4418,0.1897,0.1802,1.6211,0.1748,0.7718,0.582238527166453,0.171941973824711,0.423798753668783,0.00240519624949671,0.523860833480293,0.569044669825849,0.430993736721822,0.207275777926009,0.388885368967765
"ellipsoid.100d4c.6.dat",2.9289,2,8.49,894471.7733,1054.5442,3.0374,0,49.9412,0.17,0.4564,0.1939,0.1962,2.4178,0.1824,0.7583,0.437597970893107,0.329925561792069,0.459124589001785,0.000853231976083883,0.200151564614137,0.550826509993174,0.553632726390036,0.563886204857275,0.311178566922132
"ellipsoid.100d4c.7.dat",3.1176,2,13.11,1296461.1164,1742.1366,5.1657,0,109.25,0.12,0.455,0.1947,0.1858,2.5975,0.1806,0.7704,0.394419218530889,0.336454001428885,0.474118013375721,0.000447293563241952,0.166380397396155,0.436983814793966,0.332704113839525,0.469499765641308,0.505816712189504
"ellipsoid.100d4c.8.dat",3.0667,2,11.66,917438.7206,1245.0483,3.5946,0,58.3,0.2,0.4727,0.1942,0.1898,2.9698,0.1745,0.776,0.424098131073111,0.440071345241452,0.501522371834788,0.000587801075768064,0.284259847200602,0.29464333305316,0.373376591669795,0.335456985397531,0.373499763373897
"ellipsoid.100d4c.9.dat",2.7987,2,6.29,1106914.9976,1090.9796,3.3199,0,62.9,0.1,0.4181,0.1992,0.198,1.591,0.1875,0.7406,0.684664191628258,0.279148064213499,0.378611193010541,0.00628092138561624,0.360291799482952,0.755156931671266,0.729738361152145,0.788764624467994,0.628254738034285
"ellipsoid.50d10c.1.dat",3.431,1.699,53.96,208356.246,752.7196,5.0161,9e-04,269.8,0.2,0.3201,0.1781,0.1788,3.0644,0.2099,0.6089,0.413930753187303,0.300324625225787,0.459512184084369,0.000357474114602556,0.3137520524462,0.317135384331172,0.51122187217269,0.267509373724562,0.459042262598293
"ellipsoid.50d10c.10.dat",3.5176,1.699,65.86,255007.7495,913.3625,5.7463,0.0017,299.3636,0.22,0.2764,0.1798,0.1745,2.5509,0.2178,0.5669,0.354117985749053,0.240065264041286,0.415366349256946,0.000820658384190631,0.251468754322633,0.279549841018564,0.327538674274399,0.128725972081487,0.370527044385261
"ellipsoid.50d10c.2.dat",3.5077,1.699,64.38,252260.9758,891.607,7.5403,0.0031,292.6364,0.22,0.3046,0.1695,0.1672,2.1275,0.2161,0.5799,0.440691969838252,0.286912830729998,0.436559574840449,0.000275510810049662,0.205468413597887,0.245778468000113,0.532302024102667,0.222232892368894,0.380569498997464
"ellipsoid.50d10c.3.dat",3.4652,1.699,58.38,280729.8245,1072.362,6.0468,0.0023,243.25,0.24,0.2998,0.1628,0.1857,2.6745,0.2142,0.5659,0.436280868571675,0.500413464626307,0.487225294657147,0.00010875231935193,0.254478429815867,0.281377502058926,0.597359133786711,0.15037633299792,0.246053428714682
"ellipsoid.50d10c.4.dat",3.4334,1.699,54.26,215541.0205,698.6035,4.9307,0.0024,246.6364,0.22,0.3198,0.1746,0.1776,2.3373,0.2081,0.6303,0.35144875808363,0.432992161707619,0.47733745509368,3.12304404421608e-05,0.316016178719874,0.317545600239595,0.419136486368851,0.107884430177942,0.328759166241434
"ellipsoid.50d10c.5.dat",3.3913,1.699,49.24,401597.399,1427.4526,9.5032,0.0074,246.2,0.2,0.3403,0.1617,0.1663,2.5047,0.2032,0.6577,0.436685590077095,0.27294744668801,0.56008194418482,0.000530913211912641,0.43718840940272,0.402121484463692,0.459991707047228,0.265893324514857,0.572940340969784
"ellipsoid.50d10c.6.dat",3.4698,1.699,59,221801.5074,789.809,5.8228,4e-04,268.1818,0.22,0.2958,0.1749,0.1774,2.1843,0.2116,0.5863,0.347932191851755,0.474620912693302,0.535764461790494,0.00034386122886594,0.257230539267098,0.325159563298352,0.493076381140639,0.154544188213896,0.384911601503596
"ellipsoid.50d10c.7.dat",3.367,1.699,46.56,356601.7232,1297.9753,6.4027,0.0031,211.6364,0.22,0.3717,0.1634,0.1753,2.6191,0.2083,0.6072,0.427699087348082,0.206824761794525,0.399424933395509,0.00105352265593216,0.403495806605375,0.224456350196783,0.465557009173831,0.244252009030745,0.23003161090443
"ellipsoid.50d10c.8.dat",3.4969,1.699,62.8,272309.7334,946.2585,7.0857,0.0046,285.4545,0.22,0.3273,0.1644,0.1703,2.2679,0.2136,0.5807,0.414846764713482,0.309473884301659,0.487989169786463,4.22806034250933e-05,0.215723254779954,0.268538894929812,0.738887251196266,0.249744209593195,0.239409884681788
"ellipsoid.50d10c.9.dat",3.3506,1.699,44.84,239277.6146,798.2246,4.9983,0.0071,203.8182,0.22,0.3071,0.1581,0.1697,2.5279,0.2094,0.5978,0.443262309309086,0.308030659148482,0.455482646155064,0.00156576406908039,0.300618901267556,0.220896821678505,0.49679686253335,0.212963918356224,0.620355980665053
"ellipsoid.50d20c.1.dat",3.0983,1.699,25.08,198468.2779,287.5485,2.1791,0.0045,69.6667,0.36,0.2134,0.1678,0.1644,2.1641,0.2443,0.4857,0.310892922786299,0.116097345987795,0.499886979222827,0.000454391661303618,0.183673696830134,0.199619558475635,0.499322874188341,0.0898520716319682,0.356551443937195
"ellipsoid.50d20c.10.dat",3.0577,1.699,22.84,184693.7737,290.6793,2.2881,0.0017,63.4444,0.36,0.2224,0.1754,0.1691,2.6288,0.2436,0.4844,0.265530138686507,0.265083717613622,0.488132047610093,0.000224984887528726,0.270147709640674,0.251797555219447,0.600462086691586,0.163184265256791,0.290848176924446
"ellipsoid.50d20c.2.dat",3.0618,1.699,23.06,237933.5564,414.3982,2.5929,0.0032,64.0556,0.36,0.216,0.1626,0.1845,2.9964,0.2408,0.4871,0.397572621745715,0.107201322618523,0.610563176946276,0.00673592140501216,0.160776711397501,0.175569557375156,0.532025420460323,0.082157705315154,0.333637468660501
"ellipsoid.50d20c.3.dat",3.1166,1.699,26.16,208614.843,363.5413,2.6214,8e-04,76.9412,0.34,0.218,0.1835,0.1766,2.9551,0.2449,0.4836,0.268997334081975,0.253310691547198,0.488752722870812,5.71021664069782e-05,0.169729671534655,0.212144306470974,0.595301129360068,0.15463368012087,0.211424334872577
"ellipsoid.50d20c.4.dat",3.0955,1.699,24.92,252535.2575,409.0093,2.4335,0.0016,69.2222,0.36,0.2147,0.1757,0.1778,3.0495,0.2421,0.4821,0.306284123822774,0.378580241837517,0.450117539084152,0.00257540023702424,0.21692600572052,0.217572487665675,0.491406214811294,0.115838800077084,0.273084777297495
"ellipsoid.50d20c.5.dat",3.0945,1.699,24.86,204911.2865,360.6216,2.1911,0.0023,69.0556,0.36,0.2172,0.1718,0.1796,2.6172,0.246,0.4799,0.340895569684547,0.168976418890076,0.487068921696358,0.000854099490553365,0.204931483531741,0.198596374867457,0.40295582134709,0.0774119634614134,0.193523406754509
"ellipsoid.50d20c.6.dat",3.0261,1.699,21.24,170617.5703,245.3843,1.8321,0.0011,62.4706,0.34,0.2153,0.1774,0.1756,2.8547,0.2416,0.4785,0.384149589663046,0.115325359390089,0.51159770388353,0.00574995078292297,0.24613654577785,0.305492219990218,0.521753424877278,0.113803486040941,0.238497121865605
"ellipsoid.50d20c.7.dat",3.003,1.699,20.14,168805.5895,253.3063,1.5995,0.0021,59.2353,0.34,0.2221,0.1725,0.1626,2.3843,0.2419,0.4787,0.361308024074024,0.187416917877359,0.411256811274371,0.00341443790907544,0.324531593067457,0.291278060758232,0.551898772657695,0.138488608413945,0.406033890019094
"ellipsoid.50d20c.8.dat",3.0722,1.699,23.62,196521.3287,303.9502,1.9034,0.0043,65.6111,0.36,0.2167,0.168,0.1736,2.7141,0.2439,0.4751,0.329315496502977,0.199429964983533,0.465768560865498,0.00529034092938437,0.181883574219091,0.268881966702308,0.452483512998277,0.0577881773763356,0.326967128850318
"ellipsoid.50d20c.9.dat",3.0473,1.699,22.3,206054.0995,369.1167,2.2917,0.0048,58.6842,0.38,0.2198,0.1553,0.1774,3.0304,0.2418,0.4802,0.354654466810899,0.288933044021012,0.53784159432597,0.00184096340899438,0.180981794618124,0.16693088682027,0.550220802125706,0.0452243244612161,0.304460899039487
"ellipsoid.50d40c.1.dat",3.3681,1.699,46.68,666580.2599,345.4429,2.8049,0.0049,86.4444,0.54,0.1605,0.1707,0.1618,2.9263,0.2589,0.4536,0.232465774261211,0.120198839130415,0.451901092719669,0.000456986161282479,0.150339383846657,0.13557739120003,0.367938938338361,0.0690180938322251,0.378663954688221
"ellipsoid.50d40c.10.dat",3.3731,1.699,47.22,774748.4906,450.3665,3.1776,0.0038,84.3214,0.56,0.166,0.1671,0.1709,2.6012,0.2579,0.4554,0.260731342771554,0.114700002701008,0.463029084844591,0.00133607868731844,0.186973165049014,0.149719192106442,0.33959894985468,0.0617360933489792,0.145088481834551
"ellipsoid.50d40c.2.dat",3.2794,1.699,38.06,602205.1717,384.4421,2.7058,0.0036,70.4815,0.54,0.1639,0.172,0.1654,2.4346,0.2581,0.4582,0.285387283592138,0.086912607356482,0.474625499924553,0.00138343023559128,0.243598621933604,0.147794871910639,0.304072398680966,0.067386909892793,0.124421633996002
"ellipsoid.50d40c.3.dat",3.3088,1.699,40.72,661650.6611,415.0844,2.6524,0.0029,72.7143,0.56,0.1669,0.1723,0.1761,2.679,0.2578,0.4563,0.223489681279202,0.123459363276814,0.432693294377859,0.00118875426003729,0.14856333694989,0.137266820147541,0.322826780290713,0.0570436373822822,0.435585801840898
"ellipsoid.50d40c.4.dat",3.3077,1.699,40.62,638899.1664,385.3433,3.2804,0.0061,72.5357,0.56,0.1741,0.1576,0.1726,3.3585,0.2577,0.455,0.225238757793448,0.140084909420088,0.518269532457018,0.000217914604513496,0.163922695152897,0.120907806171046,0.45407013875015,0.0516407179545192,0.354698909498397
"ellipsoid.50d40c.5.dat",3.3377,1.699,43.52,629326.8661,421.0121,3.2118,0.0037,80.5926,0.54,0.1741,0.1668,0.1751,3.0333,0.2574,0.4542,0.23280175160905,0.139181533878915,0.552847625336575,0.00244330420579514,0.155328052926256,0.118294861764626,0.476850504056337,0.0550726993240985,0.128738775049773
"ellipsoid.50d40c.6.dat",3.3363,1.699,43.38,680807.7865,403.8288,3.2296,0.0021,77.4643,0.56,0.168,0.1642,0.1881,3.2995,0.2582,0.4541,0.242643945456246,0.108307469634132,0.504107691091714,0.000207653394581429,0.204628326009863,0.0918528604474357,0.451212648992352,0.0421633198239843,0.19898082838165
"ellipsoid.50d40c.7.dat",3.3446,1.699,44.22,702630.3459,446.1349,2.992,0.0018,81.8889,0.54,0.1638,0.1764,0.1734,2.5814,0.2581,0.4555,0.29195810573852,0.14890398445844,0.422154574167744,0.00189084141235564,0.143679493336023,0.163649293911805,0.494214682862027,0.0843091811448345,0.209577053615931
"ellipsoid.50d40c.8.dat",3.2973,1.699,39.66,641483.4627,413.9544,2.7998,0.0048,70.8214,0.56,0.1605,0.163,0.1689,2.2923,0.2569,0.4506,0.292852074667897,0.204164223858798,0.498320907329281,0.00271027470645971,0.255740502719811,0.203326098732692,0.478720605417861,0.058514119969862,0.454892487861349
"ellipsoid.50d40c.9.dat",3.3789,1.699,47.86,693557.6986,408.384,3.1232,0.0017,88.6296,0.54,0.1616,0.1745,0.1753,2.898,0.2583,0.4549,0.329469037760733,0.321706464004257,0.495163525455718,0.000791671927859087,0.186223821786036,0.188396548491041,0.460599550064302,0.0596064327963994,0.185537229926802
"ellipsoid.50d4c.1.dat",3.0269,1.699,21.28,221221.2855,948.0735,16.6836,0,81.8462,0.26,0.4686,0.1831,0.1936,2.1246,0.1855,0.7502,0.593332259608455,0.320351454735891,0.388541321527523,0.000609054095176055,0.39196568433207,0.501857471599685,0.511361704395561,0.567022384027432,0.318801476870437
"ellipsoid.50d4c.10.dat",3.167,1.699,29.38,204948.1033,909.3873,6.1098,0.0066,163.2222,0.18,0.4571,0.1781,0.1726,2.1992,0.1769,0.7726,0.625492290177599,0.406701579734539,0.607926763244498,0.00154613483035807,0.46735486467855,0.482333487512449,0.455160039093817,0.551937450928365,0.349414560216616
"ellipsoid.50d4c.2.dat",2.993,1.699,19.68,212337.4951,825.3253,6.7991,0,82,0.24,0.5016,0.1843,0.1995,2.3217,0.1825,0.7646,0.450234100521478,0.403801574726186,0.423954146181883,0.000471899820468517,0.414486796620586,0.470200045744585,0.559535583736528,0.378698651119725,0.428149703854323
"ellipsoid.50d4c.3.dat",3.137,1.699,27.42,414041.2495,1601.8432,18.3348,0,72.1579,0.38,0.4953,0.1456,0.1953,2.6862,0.1818,0.7785,0.701440678079543,0.282906025100212,0.636300688784427,0.000573440315530123,0.346143428839826,0.174105150960567,0.787966552797264,0.261795934014477,0.66856838665282
"ellipsoid.50d4c.4.dat",3.0406,1.699,21.96,200446.5375,809.3736,5.005,0,122,0.18,0.4718,0.1902,0.1802,2.278,0.1706,0.7813,0.480945357255511,0.316853742802767,0.550848093936654,0.000258763992410581,0.337095298731889,0.362034933816898,0.783451386277662,0.472064300611319,0.379241390174091
"ellipsoid.50d4c.5.dat",2.5453,1.699,7.02,93551.4301,260.4092,1.9873,0.0054,39,0.18,0.4909,0.156,0.1764,1.6151,0.1787,0.7624,0.676273536559624,0.476112605128768,0.644445965079462,2.66866292477259e-05,0.233919477790991,0.698615069162341,0.634728438333136,0.268594189188659,0.431670607224269
"ellipsoid.50d4c.6.dat",3.1242,1.699,26.62,310854.8658,1175.7664,9.3762,0.0262,133.1,0.2,0.4096,0.1622,0.1429,1.4993,0.1837,0.7568,0.487043223506943,0.148333451578363,0.626529285993323,0.00157772708635277,0.322671351721576,0.347354615981953,0.382566425030437,0.128208954841511,0.665957296815943
"ellipsoid.50d4c.7.dat",3.0615,1.699,23.04,116346.9017,553.673,5.2724,7e-04,72,0.32,0.4648,0.1906,0.1855,2.5738,0.185,0.7403,0.430422005754869,0.445724186558584,0.42869275032577,0.000628332380165956,0.383314010911361,0.516129513727805,0.559852491508461,0.472217203207819,0.520803561412215
"ellipsoid.50d4c.8.dat",2.9773,1.699,18.98,160791.9759,646.5856,6.388,0,59.3125,0.32,0.4362,0.1872,0.1868,1.6678,0.1854,0.7403,0.448200478539278,0.244410363686934,0.312219987457668,0.00223391559392182,0.443541302045842,0.430776156092298,0.448952322123577,0.341366384407386,0.385599855320426
"ellipsoid.50d4c.9.dat",2.8344,1.699,13.66,475689.1484,1264.0909,14.7262,0.0018,97.5714,0.14,0.4318,0.1487,0.1863,2.9169,0.1981,0.6999,0.768812425195156,0.228709190581255,0.0549029420267833,0.0143305200756345,0.550653216010382,0.75510876983208,0.895904979414349,0.731913952165542,0.318810537506047
"a1.csv",3.4771,0.301,1500,135.258,14.3667,54.1495,4e-04,1500,1,0.6918,0.1712,0.1699,4888.3302,0.1716,0.7992,0.78437868955786,0.920427709463297,0.568211656977021,0.443379790307751,0.920980222970535,0.939340031067843,0.931289190302039,0.87296735691276,0.788030717833421
"dim032.csv",3.0103,1.5051,32,51103.5366,151.7716,5.0638,0.064,85.3333,0.375,0.2558,0.0636,0.0537,1113.7488,0.19,0.6783,0.817966829817951,0.872286584637184,0.569381920330305,1,1,1,1,1,0.933109444757217
"dim064.csv",3.0103,1.8062,16,307893.5489,698.8183,2.3051,0.0694,73.1429,0.2188,0.2223,0.0616,0.0078,1825.1005,0.1925,0.6899,0.732412584925424,0.875973544683011,0.448550331326089,1,1,1,1,1,1
"dim128.csv",3.0103,2.1072,8,2272106.5842,1563.5524,1.5135,0.0616,73.1429,0.1094,0.2123,0.0616,0,3069.7709,0.2004,0.6282,0.654377710477161,0.935092081555144,0.60850204580761,1,1,1,1,1,0.935092081555144
"dim256.csv",3.0103,2.4082,4,8699869.7952,1639.5509,1.0049,0.0616,73.1429,0.0547,0.2115,0.0616,0,3741.0598,0.2079,0.6035,0.777280707726815,0.697717327540252,0.614624492129862,1,1,1,1,1,0.935092081555144
"g2-16-10.csv",3.3113,1.2041,128,787.9436,1.6102,1.007,0,2048,0.0625,0.9637,0.2494,0.2446,663.8351,0.2039,0.5315,1,1,1,1,1,1,1,1,1
"g2-16-100.csv",3.3113,1.2041,128,886.3784,2.7311,1.0016,0.0047,136.5333,0.9375,0.253,0.1618,0.1641,2111.9162,0.2045,0.442,0.90840251912612,0.899114025705557,0.0912045708180497,0,0.793112025710706,0,0.833644663324516,0,0.78097723503429
"g2-16-20.csv",3.3113,1.2041,128,881.5814,2.1514,1.0075,0,204.8,0.625,0.8706,0.2382,0.237,633.8718,0.2018,0.526,1,1,1,1,1,1,1,1,1
"g2-16-30.csv",3.3113,1.2041,128,795.2209,2.2009,1.0073,0,157.5385,0.8125,0.7529,0.2263,0.226,655.7888,0.2025,0.5276,1,1,1,1,1,1,1,1,1
"g2-16-40.csv",3.3113,1.2041,128,822.882,2.7976,1.0045,0,146.2857,0.875,0.6334,0.2118,0.2145,878.5483,0.2024,0.529,1,1,1,1,1,1,1,1,1
"g2-16-50.csv",3.3113,1.2041,128,757.3433,1.099,1.0046,0,136.5333,0.9375,0.5358,0.1964,0.2041,1180.2748,0.2024,0.5274,1,1,0.998046874534794,0,1,1,1,0,1
"g2-16-60.csv",3.3113,1.2041,128,765.9528,0.8371,1.0038,0,136.5333,0.9375,0.453,0.1847,0.1935,1347.7105,0.2035,0.5236,1,1,0.996095657348633,0,0.992198947835274,0.98636819564172,0.992198947835274,0,0.98830987161245
"g2-16-70.csv",3.3113,1.2041,128,826.599,0.1258,1.0029,7e-04,136.5333,0.9375,0.3734,0.173,0.1789,1500.6403,0.2044,0.5073,0.996095657355912,0.992198947820729,0.963216933560594,0,0.959385105120998,0.970903487512721,0.980554617977795,0,0.990253455482618
"g2-16-80.csv",3.3113,1.2041,128,792.0183,2.0494,1.0015,0.0022,136.5333,0.9375,0.3251,0.1663,0.1727,1743.8362,0.2034,0.4811,0.97090348762122,0.97090348762122,0.944134124790085,0,0.923363444002798,0,0.921486654433338,0,0.92900529349267
"g2-16-90.csv",3.3113,1.2041,128,801.4506,0.9821,1.002,0.0044,136.5333,0.9375,0.2806,0.1628,0.1656,2062.5971,0.2056,0.4609,0.94034046184818,0.912131336116044,0.866070372681864,0,0.828300690168854,0,0.866070183903222,0,0.855193254096301
"g2-2-10.csv",3.3113,0.301,1024,0.2915,10.803,127.5301,0,2048,0.5,0.9809,0.2478,0.2309,148.1574,0.1638,0.7027,1,1,1,1,1,1,1,1,1
"g2-2-100.csv",3.3113,0.301,1024,2.4704,2.101,0.7689,0.0098,1024,1,0.6032,0.1644,0.1624,235.6563,0.1668,0.7641,0.24671119423131,0.220266444249296,0.24477267733167,0,0.0978307824261462,0.00014884770656881,0.196178597655358,7.60336257070052e-06,0.163871994018425
"g2-2-20.csv",3.3113,0.301,1024,1.3989,9.5401,74.341,0,1024,1,0.9318,0.2202,0.2155,48.4411,0.168,0.7441,1,1,1,0,0.996095657355912,1,1,1,1
"g2-2-30.csv",3.3113,0.301,1024,3.7382,8.1746,37.2181,1e-04,1024,1,0.8691,0.1921,0.1938,79.3632,0.1663,0.7437,0.961300064691559,0.967056394026187,0.961300064691559,0,0.925242161376454,0.949838936737758,0.934664291899357,0.90282375938956,0.961300064330786
"g2-2-40.csv",3.3113,0.301,1024,6.966,7.3493,17.2641,0.0017,1024,1,0.8,0.1769,0.1802,75.3528,0.1625,0.7528,0.860622983165282,0.858811088463006,0.860622983165282,0,0.851582532032542,0,0.703556488783128,1.90828404834139e-06,0.840797061994414
"g2-2-50.csv",3.3113,0.301,1024,2.3579,4.2522,8.8834,0.0053,1024,1,0.7521,0.17,0.1707,160.4207,0.1629,0.7545,0.697011752667849,0.692125727394737,0.695381125964948,0,0.42529290489532,1.90828404834139e-06,0.642642160472589,1.14497260753662e-05,0.634834805630742
"g2-2-60.csv",3.3113,0.301,1024,0.7647,4.5828,3.8709,0.0078,1024,1,0.7007,0.1673,0.1658,159.0645,0.1641,0.7578,0.582991022524047,0.594990455513984,0.588975411909902,0,0.408886303762766,0,0.512160591726286,0,0.516371812221301
"g2-2-70.csv",3.3113,0.301,1024,3.692,1.1777,2.5316,0.0096,1024,1,0.6688,0.1642,0.1638,157.5379,0.1649,0.7604,0.490025346762931,0.477788006455587,0.49688965395425,1.90828404834139e-06,0.202309545205762,5.72485759401561e-06,0.224016114317235,5.72485759401561e-06,0.485930518844515
"g2-2-80.csv",3.3113,0.301,1024,5.6627,0.7432,0.6402,0.0118,1024,1,0.6388,0.1619,0.1608,151.6968,0.1663,0.7619,0.383033742045436,0.38061808954526,0.367466936006657,1.14497260753662e-05,0.0955089494489754,0.000440821928721706,0.252616057041293,0.000104956518228515,0.0960044282080248
"g2-2-90.csv",3.3113,0.301,1024,8.9384,0.3491,1.1015,0.0117,1024,1,0.6282,0.1617,0.1609,192.1781,0.167,0.7634,0.313878690561165,0.283966584397978,0.307341612444516,0,0.125972749849179,0,0.236163431287764,0,0.307344188847078
"g2-32-10.csv",3.3113,1.5051,64,5899.9939,0.4362,1,0,2048,0.0312,0.9628,0.2507,0.2437,1026.2347,0.205,0.5115,1,1,1,1,1,1,1,1,1
"g2-32-100.csv",3.3113,1.5051,64,5973.4904,1.1437,1,0.0024,68.2667,0.9375,0.2252,0.1661,0.17,5436.0051,0.206,0.4593,0.988309871503471,0.984428428396604,0.90468137235421,0,0.949838930658725,0,0.959385104212297,0,0.000572497612481558
"g2-32-20.csv",3.3113,1.5051,64,5840.9491,2.249,1,0,107.7895,0.5938,0.8661,0.2422,0.2372,1005.1466,0.2043,0.5089,1,1,1,1,1,1,1,1,1
"g2-32-30.csv",3.3113,1.5051,64,6084.038,0.0712,1,0,81.92,0.7812,0.7447,0.233,0.2352,1469.7968,0.2049,0.51,1,1,1,1,1,1,1,1,1
"g2-32-40.csv",3.3113,1.5051,64,5951.8557,1.255,1,0,73.1429,0.875,0.6216,0.2216,0.2239,2178.0586,0.2045,0.5094,1,1,1,1,1,1,1,1,1
"g2-32-50.csv",3.3113,1.5051,64,5999.3586,1.4619,1,0,70.6207,0.9062,0.5167,0.2112,0.2179,3134.4785,0.2044,0.5094,1,1,1,1,1,1,1,1,1
"g2-32-60.csv",3.3113,1.5051,64,5929.4766,0.7197,1,0,70.6207,0.9062,0.433,0.199,0.2069,2762.3031,0.2047,0.51,1,1,1,0,1,1,1,0,1
"g2-32-70.csv",3.3113,1.5051,64,5874.8042,1.9599,1,0,70.6207,0.9062,0.3616,0.1897,0.1937,3850.6381,0.2036,0.5033,1,1,0.0102462538349272,0,1,0.996095657355912,0.998046874534794,0,1
"g2-32-80.csv",3.3113,1.5051,64,5887.6217,1.0951,1,1e-04,68.2667,0.9375,0.3056,0.1802,0.1856,3747.0237,0.2052,0.4998,1,1,0.976688442508433,0,0.994146348468804,0.998046874534794,0.992198947835274,0,0.982490569577196
"g2-32-90.csv",3.3113,1.5051,64,5900.1886,1.7323,1,0.001,68.2667,0.9375,0.2616,0.1726,0.1756,4372.6749,0.2048,0.4869,0.998046874534794,0.998046874534794,0.000319209712910055,0,0.976688440987207,0.982490568924281,0.988309871438084,0,0.0233720346390463
"g2-4-10.csv",3.3113,0.6021,512,15.924,6.8511,16.603,0,2048,0.25,0.9712,0.2473,0.2376,288.4349,0.1951,0.6367,1,1,1,1,1,1,1,1,1
"g2-4-100.csv",3.3113,0.6021,512,15.4146,1.0357,0.9541,0.0089,512,1,0.4026,0.1607,0.16,494.3347,0.1943,0.5767,0.471056030889151,0.424007414853763,0.451149871643172,0,0.312787305816477,1.90828949200888e-05,0.321594939342808,0,0.476438612892692
"g2-4-20.csv",3.3113,0.6021,512,16.9238,6.2038,13.1784,0,682.6667,0.75,0.899,0.228,0.2232,183.0975,0.1948,0.6365,1,1,1,1,1,1,1,1,1
"g2-4-30.csv",3.3113,0.6021,512,18.0935,5.6664,9.3636,0,512,1,0.797,0.2036,0.207,133.5753,0.1943,0.6315,1,1,1,0,0.986368195946712,0.982490569577196,0.98830987161245,0.996095657355912,1
"g2-4-40.csv",3.3113,0.6021,512,14.9595,4.2911,5.8836,2e-04,512,1,0.7061,0.182,0.1896,214.9955,0.1923,0.6167,0.976688440987207,0.97475821580103,0.976688440987207,0,0.946033820738252,0.942236338623909,0.972829897235785,1.90828404834139e-06,0.947935436690223
"g2-4-50.csv",3.3113,0.6021,512,10.6355,4.2919,3.8997,0.0024,512,1,0.6308,0.1707,0.1763,215.7448,0.1911,0.6051,0.912131299910028,0.90840251912612,0.91399855404612,0,0.796597180253397,0.864252597125204,0.886190197916443,0,0.897262002332044
"g2-4-60.csv",3.3113,0.6021,512,18.2018,2.796,2.3456,0.0058,512,1,0.5536,0.1642,0.1674,298.1262,0.1908,0.5936,0.831861375738328,0.779250545233915,0.822973558827834,0,0.503815341235323,1.90828404834139e-06,0.648926804757852,0,0.52060167195514
"g2-4-70.csv",3.3113,0.6021,512,14.7573,2.7153,1.6763,0.0084,512,1,0.5064,0.1611,0.1623,377.5671,0.1922,0.5866,0.716728205557391,0.677572104975994,0.695381452536715,0,0.427826504368725,0,0.593484707624445,0,0.627071009905404
"g2-4-80.csv",3.3113,0.6021,512,9.4868,1.9456,1.504,0.0085,512,1,0.4625,0.161,0.1611,468.9919,0.193,0.5822,0.6568185882209,0.590479935293286,0.647349698635562,0,0.447217806937924,1.14497260753662e-05,0.430393288249649,0,0.585983960068892
"g2-4-90.csv",3.3113,0.6021,512,11.47,3.3987,1.5071,0.0076,512,1,0.4308,0.1623,0.1614,373.0014,0.1928,0.5806,0.566691434713547,0.480498454849993,0.543395177670688,0,0.413876600297377,5.68016984110845e-06,0.440705794297509,0,0.447217798692776
"g2-64-10.csv",3.3113,1.8062,32,45440.7303,2.9672,1,0,2048,0.0156,0.9624,0.2515,0.2448,1535.394,0.2047,0.4969,1,1,1,1,1,1,1,1,1
"g2-64-100.csv",3.3113,1.8062,32,45998.7787,0.5948,1,3e-04,34.7119,0.9219,0.2122,0.178,0.1817,9850.8026,0.2066,0.4908,1,1,0.990253455518962,0,1,0,1,0,0.990253455591651
"g2-64-20.csv",3.3113,1.8062,32,45510.2531,1.8918,1,0,55.3514,0.5781,0.864,0.2444,0.2405,2545.9589,0.2057,0.4985,1,1,1,1,1,1,1,1,1
"g2-64-30.csv",3.3113,1.8062,32,46513.8391,0.7203,1,0,41.7959,0.7656,0.739,0.2385,0.2371,3816.1772,0.2068,0.5018,1,1,1,1,1,1,1,1,1
"g2-64-40.csv",3.3113,1.8062,32,45066.6563,3.3186,1,0,37.9259,0.8438,0.6164,0.2296,0.2307,5003.9562,0.2039,0.4934,1,1,1,1,1,1,1,1,1
"g2-64-50.csv",3.3113,1.8062,32,46113.5197,2.054,1,0,36.5714,0.875,0.509,0.2224,0.223,5252.7363,0.2051,0.4943,1,1,1,1,1,1,1,1,1
"g2-64-60.csv",3.3113,1.8062,32,45711.2862,1.0091,1,0,35.9298,0.8906,0.4232,0.2129,0.2167,5992.4695,0.2051,0.4972,1,1,1,1,1,1,1,0,1
"g2-64-70.csv",3.3113,1.8062,32,45567.191,0.6919,1,0,35.3103,0.9062,0.3481,0.2041,0.2068,8269.053,0.2062,0.4998,1,1,1,0,1,1,1,0,1
"g2-64-80.csv",3.3113,1.8062,32,45076.7059,2.2119,1,0,35.3103,0.9062,0.294,0.1942,0.2011,8461.4417,0.2047,0.4946,1,1,0.00286826636238426,0,1,1,1,0,1
"g2-64-90.csv",3.3113,1.8062,32,45328.4646,0.8224,1,0,34.7119,0.9219,0.246,0.1845,0.1893,9424.9413,0.206,0.4969,1,1,0.994146348468804,0,1,1,1,0,1
"g2-8-10.csv",3.3113,0.9031,256,105.8103,3.5845,1.7191,0,2048,0.125,0.9666,0.2479,0.2423,453.116,0.2002,0.5634,1,1,1,1,1,1,1,1,1
"g2-8-100.csv",3.3113,0.9031,256,100.1531,0.1662,1.0601,0.0065,256,1,0.3063,0.1609,0.1618,828.1353,0.2037,0.4741,0.733368319569997,0.700279989071535,0.051757641848834,0,0.487293932818428,1.14497260753662e-05,0.467051218378715,0,0.608639497838299
"g2-8-20.csv",3.3113,0.9031,256,98.8448,0.725,1.646,0,409.6,0.625,0.8799,0.2344,0.2293,393.1902,0.2018,0.5657,1,1,1,1,1,1,1,1,1
"g2-8-30.csv",3.3113,0.9031,256,109.8954,2.3548,1.4988,0,292.5714,0.875,0.7684,0.215,0.2174,295.7472,0.2002,0.5628,1,1,1,1,1,1,1,1,1
"g2-8-40.csv",3.3113,0.9031,256,138.0019,1.521,1.3593,0,292.5714,0.875,0.657,0.1965,0.2028,382.7218,0.2005,0.5606,1,1,1,0,0.998046874534794,0.998046874534794,0.998046874534794,0,1
"g2-8-50.csv",3.3113,0.9031,256,123.9672,4.2942,1.2788,2e-04,256,1,0.5663,0.1809,0.1887,442.6193,0.199,0.5472,0.988309871416288,0.988309871416288,0.980554618122816,0,0.982490568924281,0.965135708582366,0.978620575569469,0,0.98442842813531
"g2-8-60.csv",3.3113,0.9031,256,101.5621,2.2096,1.2093,0.0016,256,1,0.4814,0.17,0.1759,594.124,0.1997,0.5292,0.955560909524785,0.961300064114322,0.944134131039686,0,0.860623216002765,0,0.923363477009505,0,0.957472052942598
"g2-8-70.csv",3.3113,0.9031,256,95.6412,2.2393,1.1405,0.0032,256,1,0.4227,0.1656,0.1706,635.5318,0.2004,0.5105,0.925242148831945,0.899114025705557,0.0797546594600849,0,0.791372941863429,0.844384492283668,0.873359839657581,0,0.650502848482322
"g2-8-80.csv",3.3113,0.9031,256,119.3804,2.3098,1.0828,0.0047,256,1,0.3811,0.1629,0.1664,674.3652,0.2003,0.4936,0.860622983165282,0.810611214824885,0.82652295792268,0,0.735042918397761,5.72485759401561e-06,0.656821720898103,0,0.705196597395082
"g2-8-90.csv",3.3113,0.9031,256,97.7624,0.1978,1.0292,0.0074,256,1,0.3356,0.1599,0.1616,806.373,0.2032,0.4786,0.772364995903685,0.726690014305429,0.00812321370189978,0,0.506582171642148,1.90828404834139e-06,0.598010052358192,0,0.0196453578230444
"s_aggregation.csv",2.8965,0.301,394,36.1037,9.5801,32.0208,0,394,1,0.5077,0.2024,0.1782,9.5841,0.1639,0.8041,0.741690485582747,0.665724912753378,0.680572727367759,0.804206968396706,0.774420011803794,0.993467313934767,0.794400210319633,0.993467313934767,0.646758154731465
"s_compound.csv",2.601,0.301,199.5,45.8313,5.5592,20.9804,0,199.5,1,0.6592,0.2002,0.2004,10.7454,0.1705,0.7863,0.508520755519812,0.505360195394999,0.413917592349841,0.742480944868768,0.792878140468533,0.803025623308763,0.558361403346273,0.79912283559656,0.493192385973701
"s_d31.csv",3.4914,0.301,1550,41.8631,17.6796,49.3707,0,1550,1,0.5467,0.1815,0.1817,5.576,0.1624,0.8001,0.737766046925618,0.799932413539014,0.533314484011193,0.173902194467533,0.923790023974218,0.906891828846128,0.915923798792888,0.840146147889738,0.748756836437052
"s_flame.csv",2.3802,0.301,120,1.6228,4.7917,4.7709,1e-04,120,1,0.508,0.1898,0.1743,6.0099,0.1656,0.7366,0.499761465426664,0.572384222121923,0.487955788162601,0.0127504301311393,0.0422301552686084,0.442150650455405,0.367002969639417,0.0127504301311393,0.336757413861022
"s_jain.csv",2.5717,0.301,186.5,48.1144,5.2045,17.8531,7e-04,186.5,1,0.7209,0.1897,0.158,8.0412,0.1713,0.7649,0.318093755619738,0.198099177502054,0.260678954073535,0.256288512074381,0.779194020923121,0.779194020923121,0.514616982682244,0.768446889848748,0.359366440116261
"s_pathbased.csv",2.4771,0.301,150,15.9251,2.6161,9.0797,0,150,1,0.5038,0.2003,0.1819,7.2466,0.1723,0.7687,0.46132893486545,0.452574697452912,0.458211311427712,0.000519521798686052,0.345520724742111,0.443642303528723,0.424384828542033,0.425268395370624,0.317144977407145
"s_r15.csv",2.7782,0.301,300,0.1068,2.6356,16.8299,0,300,1,0.5001,0.1887,0.1365,6.9032,0.1708,0.8162,0.87952610802514,0.879223855024888,0.891924026724516,0.542457378402647,0.978524258898896,0.989259995246671,0.981995500820557,0.982133301049403,0.968155729643096
"s_spiral.csv",2.4942,0.301,156,4.0596,4.4393,1.6483,0,156,1,0.5006,0.178,0.1733,7.782,0.1681,0.7641,0.00606185230314025,0.00169810417218557,0.00101630298147858,1,0.00184103769941931,0.00225812816618304,0.00817237930671504,0.00895854474288207,0.00519662027165014
"s1.csv",3.699,0.301,2500,14.874,23.938,118.3234,0,2500,1,0.5243,0.1697,0.1909,128893.7775,0.1703,0.8095,0.898534766914314,0.908292991505659,0.830140735345093,0.463522341495289,0.971062167115048,0.981599047547291,0.981196412056862,0.980547432716824,0.80402391645217
"s2.csv",3.699,0.301,2500,64.1846,23.0138,94.8023,0,2500,1,0.5664,0.1727,0.1816,112802.1353,0.1633,0.7991,0.792991991266825,0.937053652281924,0.870874039034963,2.04511922463677e-05,0.790872518551814,0.912602074550962,0.899655350031695,0.77930808676527,0.783643071282753
"s3.csv",3.699,0.301,2500,58.4269,18.1554,62.8109,0.0024,2500,1,0.6687,0.1749,0.1694,124050.9269,0.1695,0.7893,0.673386844451119,0.72565615261427,0.584237017616265,1.34053616851751e-05,0.509250385401546,0.595741220700183,0.66490476410139,0.49391887766102,0.589753456578161
"s4.csv",3.699,0.301,2500,8.3245,20.372,54.3089,7e-04,2500,1,0.5346,0.1749,0.1793,203508.5294,0.1648,0.7962,0.577100364597633,0.606325511365776,0.556219874240565,4.64836386249092e-05,0.417118713915594,0.492565817388555,0.59004071416877,0.429642124766024,0.515417101500426
"dim1024.csv",3.0103,3.0103,1,183118379.4611,160.8405,4096,0.0616,68.2667,0.0146,0.2097,0.0616,0,7787.1427,0.2039,0.6672,0.695753537392574,0.87505381595112,0.581356692976325,1,1,1,1,1,0.935092081555144
"dim512.csv",3.0103,2.7093,2,37775143.3798,1298.829,1.0009,0.0616,73.1429,0.0273,0.2105,0.0616,0,4700.4323,0.1999,0.6164,0.778256264334995,0.697701885479053,0.608991204007387,1,1,1,1,1,0.932165405685536
"g2-128-10.csv",3.3113,2.1072,16,356934.4532,1.5757,1,0,2048,0.0078,0.9616,0.253,0.2435,2218.5811,0.2074,0.4954,1,1,1,1,1,1,1,1,1
"g2-128-100.csv",3.3113,2.1072,16,356665.1494,1.8545,1,0,17.6552,0.9062,0.2044,0.1927,0.1975,22069.8503,0.2056,0.4889,1,1,0.998046874534794,0,1,1,1,0,8.58734338182538e-05
"g2-128-20.csv",3.3113,2.1072,16,356397.0946,2.2362,1,0,29.6812,0.5391,0.8634,0.2476,0.2432,3426.2713,0.2058,0.4891,1,1,1,1,1,1,1,1,1
"g2-128-30.csv",3.3113,2.1072,16,356516.1798,4.2534,1,0,21.7872,0.7344,0.7371,0.242,0.2397,5381.519,0.2047,0.4858,1,1,1,1,1,1,1,1,1
"g2-128-40.csv",3.3113,2.1072,16,357171.9385,2.9407,1,0,19.6923,0.8125,0.6124,0.235,0.2366,7349.2617,0.2065,0.4937,1,1,1,1,1,1,1,1,1
"g2-128-50.csv",3.3113,2.1072,16,357141.6639,1.2697,1,0,18.789,0.8516,0.5051,0.2304,0.2329,14280.1483,0.2068,0.4916,1,1,1,1,1,1,1,1,1
"g2-128-60.csv",3.3113,2.1072,16,356728.5162,3.9813,1,0,18.2857,0.875,0.4138,0.2234,0.229,9957.5028,0.2052,0.4875,1,1,1,1,1,1,1,0,1
"g2-128-70.csv",3.3113,2.1072,16,358759.6332,1.8682,1,0,18.1239,0.8828,0.3428,0.216,0.2175,12336.2959,0.2067,0.4917,1,1,1,1,1,1,1,0,1
"g2-128-80.csv",3.3113,2.1072,16,358704.5755,1.3265,1,0,17.9649,0.8906,0.2888,0.2085,0.2123,17532.0912,0.2077,0.4971,1,1,1,1,1,1,1,0,1
"g2-128-90.csv",3.3113,2.1072,16,356866.2677,2.252,1,0,17.8087,0.8984,0.239,0.1995,0.2056,15986.4926,0.2069,0.4942,1,1,1,1,1,1,1,0,1
"g2-256-10.csv",3.3113,2.4082,8,2826981.1787,3.0256,1,0,2048,0.0039,0.9616,0.2563,0.2431,3155.9904,0.208,0.4896,1,1,1,1,1,1,1,1,1
"g2-256-100.csv",3.3113,2.4082,8,2823593.4569,4.8759,1,0,9.1022,0.8789,0.2012,0.2067,0.2113,34134.1417,0.2066,0.4859,1,1,1,1,1,1,1,0,0
"g2-256-20.csv",3.3113,2.4082,8,2825020.2654,3.0934,1,0,16.254,0.4922,0.8626,0.25,0.2448,5917.521,0.2077,0.4875,1,1,1,1,1,1,1,1,1
"g2-256-30.csv",3.3113,2.4082,8,2825313.4023,4.4706,1,0,11.5706,0.6914,0.7362,0.2445,0.2421,10412.7658,0.2064,0.4849,1,1,1,1,1,1,1,1,1
"g2-256-40.csv",3.3113,2.4082,8,2827600.5439,3.1568,1,0,10.3434,0.7734,0.6121,0.2405,0.24,11201.2348,0.2084,0.4903,1,1,1,1,1,1,1,1,1
"g2-256-50.csv",3.3113,2.4082,8,2821364.8852,5.3184,1,0,9.799,0.8164,0.5021,0.236,0.2369,16287.8412,0.2064,0.4848,1,1,1,1,1,1,1,1,1
"g2-256-60.csv",3.3113,2.4082,8,2826799.3088,4.2393,1,0,9.4815,0.8438,0.4121,0.2322,0.234,15473.9001,0.2066,0.4815,1,1,0.000760334584505935,1,1,1,1,0,1
"g2-256-70.csv",3.3113,2.4082,8,2823566.438,4.3935,1,0,9.3091,0.8594,0.3407,0.2269,0.2283,18052.3837,0.2063,0.4815,1,1,1,1,1,1,1,0,1
"g2-256-80.csv",3.3113,2.4082,8,2819172.1034,4.8132,1,0,9.2252,0.8672,0.2834,0.22,0.2231,24498.4089,0.2066,0.4838,1,1,1,1,1,1,1,0,1
"g2-256-90.csv",3.3113,2.4082,8,2827219.5814,3.3927,1,0,9.1429,0.875,0.2391,0.2143,0.2161,25800.7779,0.2073,0.4864,1,1,1,1,1,1,1,0,1
"g2-512-10.csv",3.3113,2.7093,4,22458733.2788,8.2182,1,0,2048,0.002,0.9616,0.2584,0.2421,5108.6463,0.2078,0.4844,1,1,1,1,1,1,1,1,1
"g2-512-100.csv",3.3113,2.7093,4,22460499.798,8.8495,1,0,4.8075,0.832,0.2012,0.2189,0.2222,47472.4224,0.2062,0.4785,1,1,1,1,1,1,1,0,1
"g2-512-20.csv",3.3113,2.7093,4,22465811.8218,8.3837,1,0,9.3091,0.4297,0.8622,0.2518,0.2446,7642.7572,0.2072,0.481,1,1,1,1,1,1,1,1,1
"g2-512-30.csv",3.3113,2.7093,4,22465137.8021,8.0794,1,0,6.4,0.625,0.7358,0.2479,0.2446,13085.9061,0.207,0.4804,1,1,1,1,1,1,1,1,1
"g2-512-40.csv",3.3113,2.7093,4,22473273.7241,7.9938,1,0,5.611,0.7129,0.6112,0.2439,0.2413,17436.6483,0.2062,0.4802,1,1,0.000473014777302359,1,1,1,1,1,1
"g2-512-50.csv",3.3113,2.7093,4,22462602.2764,9.5476,1,0,5.2513,0.7617,0.5009,0.2408,0.2402,24644.2714,0.2065,0.4804,1,1,1,1,1,1,1,1,1
"g2-512-60.csv",3.3113,2.7093,4,22464521.0797,8.5633,1,0,5.0819,0.7871,0.4123,0.2378,0.2387,36064.5365,0.206,0.4784,1,1,1,1,1,1,1,0,1
"g2-512-70.csv",3.3113,2.7093,4,22469139.8796,7.6135,1,0,4.9588,0.8066,0.338,0.2333,0.2339,36646.3397,0.2072,0.4811,1,1,1,1,1,1,1,0,1
"g2-512-80.csv",3.3113,2.7093,4,22471577.2097,7.83,1,0,4.8878,0.8184,0.2831,0.2286,0.2296,33236.1403,0.2084,0.4872,1,1,1,1,1,1,1,0,1
"g2-512-90.csv",3.3113,2.7093,4,22468624.2054,7.7536,1,0,4.8302,0.8281,0.238,0.2248,0.2241,37771.4558,0.2084,0.4863,1,1,1,1,1,1,1,0,1
"g2-1024-10.csv",3.3113,3.0103,2,179237702.3076,15.4122,1,0,2048,0.001,0.9616,0.2637,0.2395,7906.958,0.208,0.4797,1,1,1,1,1,1,1,1,1
"g2-1024-100.csv",3.3113,3.0103,2,179225333.7612,16.021,1,0,2.6983,0.7412,0.2004,0.2293,0.2292,62903.3051,0.2066,0.4759,1,1,0.00180223731327926,1,1,1,1,0,1
"g2-1024-20.csv",3.3113,3.0103,2,179225009.9862,16.0617,1,0,5.7207,0.3496,0.8626,0.2543,0.2457,13437.4677,0.2077,0.4808,1,1,1,1,1,1,1,1,1
"g2-1024-30.csv",3.3113,3.0103,2,179189580.475,16.5846,1,0,3.7996,0.5264,0.736,0.2505,0.2443,17911.7863,0.2069,0.477,1,1,1,1,1,1,1,1,1
"g2-1024-40.csv",3.3113,3.0103,2,179207359.1753,16.2005,1,0,3.256,0.6143,0.6106,0.2472,0.2434,25279.1121,0.2074,0.4807,1,1,1,1,1,1,1,1,1
"g2-1024-50.csv",3.3113,3.0103,2,179217950.4005,16.2234,1,0,3.0206,0.6621,0.5009,0.2448,0.2405,34463.864,0.2079,0.479,1,1,1,1,1,1,1,1,1
"g2-1024-60.csv",3.3113,3.0103,2,179228551.1907,15.7713,1,0,2.8886,0.6924,0.4109,0.2404,0.2418,52083.6754,0.2083,0.4834,1,1,1,1,1,1,1,1,1
"g2-1024-70.csv",3.3113,3.0103,2,179224145.908,16.0216,1,0,2.8093,0.7119,0.3378,0.2381,0.2394,49018.6985,0.2068,0.4781,1,1,1,1,1,1,1,0,1
"g2-1024-80.csv",3.3113,3.0103,2,179191108.5229,16.8482,1,0,2.7527,0.7266,0.2825,0.2355,0.236,69541.5628,0.2074,0.4793,1,1,1,1,1,1,1,0,1
"g2-1024-90.csv",3.3113,3.0103,2,179202851.6545,16.3834,1,0,2.7234,0.7344,0.2371,0.2316,0.2336,78115.5412,0.2067,0.4769,1,1,0.000393193428866118,1,1,1,1,0,1
